CREATE DATABASE  IF NOT EXISTS `lms` /*!40100 DEFAULT CHARACTER SET latin1 */;
USE `lms`;
-- MySQL dump 10.13  Distrib 5.6.13, for Win32 (x86)
--
-- Host: localhost    Database: lms
-- ------------------------------------------------------
-- Server version	5.7.28-log

/*!40101 SET @OLD_CHARACTER_SET_CLIENT=@@CHARACTER_SET_CLIENT */;
/*!40101 SET @OLD_CHARACTER_SET_RESULTS=@@CHARACTER_SET_RESULTS */;
/*!40101 SET @OLD_COLLATION_CONNECTION=@@COLLATION_CONNECTION */;
/*!40101 SET NAMES utf8 */;
/*!40103 SET @OLD_TIME_ZONE=@@TIME_ZONE */;
/*!40103 SET TIME_ZONE='+00:00' */;
/*!40014 SET @OLD_UNIQUE_CHECKS=@@UNIQUE_CHECKS, UNIQUE_CHECKS=0 */;
/*!40014 SET @OLD_FOREIGN_KEY_CHECKS=@@FOREIGN_KEY_CHECKS, FOREIGN_KEY_CHECKS=0 */;
/*!40101 SET @OLD_SQL_MODE=@@SQL_MODE, SQL_MODE='NO_AUTO_VALUE_ON_ZERO' */;
/*!40111 SET @OLD_SQL_NOTES=@@SQL_NOTES, SQL_NOTES=0 */;

--
-- Table structure for table `access`
--

DROP TABLE IF EXISTS `access`;
/*!40101 SET @saved_cs_client     = @@character_set_client */;
/*!40101 SET character_set_client = utf8 */;
CREATE TABLE `access` (
  `account_id` int(8) NOT NULL,
  `accesstype_id` int(8) NOT NULL,
  PRIMARY KEY (`account_id`,`accesstype_id`),
  KEY `accesstype_id_idx` (`accesstype_id`),
  CONSTRAINT `a_accesstype_id` FOREIGN KEY (`accesstype_id`) REFERENCES `access_type` (`access_id`) ON DELETE NO ACTION ON UPDATE NO ACTION,
  CONSTRAINT `a_account_d` FOREIGN KEY (`account_id`) REFERENCES `staff` (`staff_id`) ON DELETE NO ACTION ON UPDATE NO ACTION
) ENGINE=InnoDB DEFAULT CHARSET=latin1;
/*!40101 SET character_set_client = @saved_cs_client */;

--
-- Dumping data for table `access`
--

LOCK TABLES `access` WRITE;
/*!40000 ALTER TABLE `access` DISABLE KEYS */;
INSERT INTO `access` VALUES (30000000,40000000),(30000015,40000000),(30000001,40000004),(30000017,40000004),(30000002,40000002),(30000021,40000002),(30000024,40000002),(30000003,40000003),(30000004,40000004),(30000006,40000005),(30000018,40000005),(30000007,40000006),(30000023,40000006),(30000008,40000007),(30000009,40000008),(30000012,40000010),(30000022,40000010),(30000013,40000011),(30000014,40000012);
/*!40000 ALTER TABLE `access` ENABLE KEYS */;
UNLOCK TABLES;

--
-- Table structure for table `access_type`
--

DROP TABLE IF EXISTS `access_type`;
/*!40101 SET @saved_cs_client     = @@character_set_client */;
/*!40101 SET character_set_client = utf8 */;
CREATE TABLE `access_type` (
  `access_id` int(8) NOT NULL,
  `name` char(32) DEFAULT NULL,
  `approval_limit` double DEFAULT NULL,
  `department_id` int(8) NOT NULL,
  PRIMARY KEY (`access_id`),
  KEY `department_id_idx` (`department_id`),
  CONSTRAINT `a_department_id` FOREIGN KEY (`department_id`) REFERENCES `department` (`department_id`) ON DELETE NO ACTION ON UPDATE NO ACTION
) ENGINE=InnoDB DEFAULT CHARSET=latin1;
/*!40101 SET character_set_client = @saved_cs_client */;

--
-- Dumping data for table `access_type`
--

LOCK TABLES `access_type` WRITE;
/*!40000 ALTER TABLE `access_type` DISABLE KEYS */;
INSERT INTO `access_type` VALUES (40000000,'Education Level 1',5000,20000000),(40000001,'Education Level 2',10000,20000000),(40000002,'Education Level 3',15000,20000000),(40000003,'Education Level 4',20000,20000000),(40000004,'Education Level 5',25000,20000000),(40000005,'Personal Level 1',100000,20000001),(40000006,'Personal Level 2',150000,20000001),(40000007,'Personal Level 3',200000,20000001),(40000008,'Personal Level 4',250000,20000001),(40000010,'Corperate Level 1',1500000,20000002),(40000011,'Corperate Level 2',2000000,20000002),(40000012,'Corperate Level 3',2500000,20000002);
/*!40000 ALTER TABLE `access_type` ENABLE KEYS */;
UNLOCK TABLES;

--
-- Table structure for table `customer`
--

DROP TABLE IF EXISTS `customer`;
/*!40101 SET @saved_cs_client     = @@character_set_client */;
/*!40101 SET character_set_client = utf8 */;
CREATE TABLE `customer` (
  `cus_id` int(8) NOT NULL,
  `first_name` varchar(256) DEFAULT NULL,
  `last_name` varchar(256) DEFAULT NULL,
  `email` varchar(256) DEFAULT NULL,
  `address` varchar(256) DEFAULT NULL,
  `postal_code` char(6) DEFAULT NULL,
  `handphone` char(8) DEFAULT NULL,
  `date_of_birth` date DEFAULT NULL,
  `company` varchar(256) DEFAULT NULL,
  `job_title` varchar(256) DEFAULT NULL,
  `annual_salary` double unsigned DEFAULT NULL,
  `username` varchar(256) NOT NULL,
  `password` varchar(256) NOT NULL,
  PRIMARY KEY (`cus_id`),
  UNIQUE KEY `username_UNIQUE` (`username`),
  UNIQUE KEY `cus_id_UNIQUE` (`cus_id`)
) ENGINE=InnoDB DEFAULT CHARSET=latin1;
/*!40101 SET character_set_client = @saved_cs_client */;

--
-- Dumping data for table `customer`
--

LOCK TABLES `customer` WRITE;
/*!40000 ALTER TABLE `customer` DISABLE KEYS */;
INSERT INTO `customer` VALUES (10000000,'Jerrylee','Gowan','jgowan0@vinaora.com','438 Redwing Alley','946994','85559156','2007-10-02','Yamia','Senior Sales Associate',442511,'Jerrylee.Gowan','Customer.1'),(10000001,'Beryle','Robrose','brobrose1@si.edu','71 Roxbury Center','435446','95550034','1996-02-22','Wordpedia','Assistant Media Planner',327767,'Beryle.Robrose','Customer.2'),(10000002,'Bibbye','Killingbeck','bkillingbeck2@newsvine.com','3 Grim Circle','411660','85556062','1981-08-29','Oozz','Occupational Therapist',426110,'Bibbye.Killingbeck','Customer.3'),(10000003,'Anna-diane','Padell','apadell3@google.nl','09606 Hansons Court','574327','95555034','1920-01-07','Photobug','Recruiter',288741,'Anna-diane.Padell','Customer.4'),(10000004,'Marianna','Penticost','mpenticost4@mozilla.org','5 Golf Course Park','181869','85554110','1984-12-11','Browsebug','Senior Cost Accountant',353012,'Marianna.Penticost','Customer.5'),(10000005,'Gavin','Blannin','gblannin5@nps.gov','91283 Killdeer Way','108823','85556116','2007-11-10','Quatz','Graphic Designer',403368,'Gavin.Blannin','Customer.6'),(10000006,'Ash','Sissens','asissens6@liveinternet.ru','5 Valley Edge Trail','731024','85551622','1931-05-21','Brightbean','Product Engineer',469549,'Ash.Sissens','Customer.7'),(10000007,'Carmen','MacPeake','cmacpeake7@disqus.com','94664 Havey Terrace','347041','85550799','2007-11-19','Babbleopia','Administrative Assistant III',356418,'Carmen.MacPeake','Customer.8'),(10000008,'Mar','Maggs','mmaggs8@discuz.net','30273 Pepper Wood Way','178840','95556226','1916-03-15','Livepath','Accounting Assistant III',397240,'Mar.Maggs','Customer.9'),(10000009,'Linn','Rossi','lrossi9@shop-pro.jp','23 Montana Trail','842322','95550237','2011-04-15','Meezzy','Computer Systems Analyst I',267236,'Linn.Rossi','Customer.10'),(10000010,'Hailey','Brankley','hbrankleya@devhub.com','38106 Wayridge Park','631544','85550413','1927-07-24','Dabshots','Database Administrator II',70004,'Hailey.Brankley','Customer.11'),(10000011,'Cozmo','Ashforth','cashforthb@slate.com','85051 Merrick Point','211255','85554506','2003-04-11','Eamia','VP Marketing',408346,'Cozmo.Ashforth','Customer.12'),(10000012,'Skip','Osmant','sosmantc@engadget.com','659 Milwaukee Street','487526','85553397','1925-07-05','Tazz','Biostatistician IV',94661,'Skip.Osmant','Customer.13'),(10000013,'Gamaliel','Letts','glettsd@constantcontact.com','4 Moulton Circle','139891','85552733','1988-06-19','Linklinks','Operator',236069,'Gamaliel.Letts','Customer.14'),(10000014,'Teodorico','Copsey','tcopseye@reverbnation.com','415 Cherokee Parkway','647605','85550237','1956-02-11','Skipstorm','Legal Assistant',44920,'Teodorico.Copsey','Customer.15'),(10000015,'Marlon','Woloschin','mwoloschinf@tuttocitta.it','36 High Crossing Road','322845','95550358','1977-06-21','Bubblemix','Business Systems Development Analyst',440084,'Marlon.Woloschin','Customer.16'),(10000016,'Corny','Meeking','cmeekingg@jigsy.com','39523 Debra Pass','777718','85552775','1954-03-03','Agimba','Electrical Engineer',322398,'Corny.Meeking','Customer.17'),(10000017,'Frederico','Pottle','fpottleh@prweb.com','15 Eagan Lane','571179','85552197','2007-12-27','Babbleset','Staff Scientist',405764,'Frederico.Pottle','Customer.18'),(10000018,'Zonda','Corke','zcorkei@archive.org','8034 Mallard Trail','512344','85552437','1927-06-06','Blogpad','Senior Sales Associate',115334,'Zonda.Corke','Customer.19'),(10000019,'Aline','Fieldstone','afieldstonej@uol.com.br','5 Mifflin Parkway','611137','95556178','1941-02-01','Leexo','Quality Control Specialist',150224,'Aline.Fieldstone','Customer.20'),(10000020,'Henrietta','Flipsen','hflipsenk@trellian.com','6602 Crownhardt Crossing','719843','85559296','1945-07-09','Abatz','Dental Hygienist',473496,'Henrietta.Flipsen','Customer.21'),(10000021,'Issiah','Duro','idurol@multiply.com','78293 Fallview Terrace','036660','85553268','1977-12-27','Fivechat','Administrative Officer',449231,'Issiah.Duro','Customer.22'),(10000022,'Horton','Manuello','hmanuellom@nsw.gov.au','33 Village Way','144710','95551015','1927-11-21','Pixope','Operator',226790,'Horton.Manuello','Customer.23'),(10000023,'Gawain','Piccard','gpiccardn@ebay.co.uk','113 Loftsgordon Trail','979874','95555572','1994-11-28','Yotz','Staff Scientist',315294,'Gawain.Piccard','Customer.24'),(10000024,'Garrick','Hammerstone','ghammerstoneo@acquirethisname.com','3 Bayside Place','696410','95550402','1939-05-14','Tavu','Senior Editor',37969,'Garrick.Hammerstone','Customer.25'),(10000025,'Casey','Clewlowe','cclewlowep@vimeo.com','64 Sundown Road','217783','95559600','1958-09-24','Feedbug','Assistant Media Planner',220871,'Casey.Clewlowe','Customer.26'),(10000026,'Tabitha','Haldene','thaldeneq@hhs.gov','7 Springs Plaza','999653','85552496','1973-02-15','Viva','Professor',105430,'Tabitha.Haldene','Customer.27'),(10000027,'Blake','Crowter','bcrowterr@zdnet.com','76487 Green Ridge Drive','873705','95554823','1994-04-08','Meezzy','Electrical Engineer',488130,'Blake.Crowter','Customer.28'),(10000028,'Abigail','Moresby','amoresbys@tinypic.com','1726 Pawling Park','277601','85550673','1926-09-27','Rhybox','Office Assistant I',429162,'Abigail.Moresby','Customer.29'),(10000029,'Florance','Toope','ftoopet@parallels.com','608 Oak Valley Junction','487906','85555476','1977-06-07','Photospace','Environmental Tech',450237,'Florance.Toope','Customer.30'),(10000030,'Arnold','Gummary','agummaryu@hao123.com','4 Maple Wood Way','406770','85557482','1967-05-01','DabZ','VP Quality Control',307436,'Arnold.Gummary','Customer.31'),(10000031,'Fee','Gladdifh','fgladdifhv@jimdo.com','0833 Golf View Terrace','813517','85555794','1990-06-16','Youtags','Paralegal',436116,'Fee.Gladdifh','Customer.32'),(10000032,'Anya','La Padula','alapadulaw@shinystat.com','3 Sundown Street','713877','95556022','1997-07-16','Mycat','Assistant Manager',243088,'Anya.La Padula','Customer.33'),(10000033,'Irene','Briamo','ibriamox@cornell.edu','33 American Parkway','721027','85551491','1951-08-03','Eimbee','Media Manager III',49673,'Irene.Briamo','Customer.34'),(10000034,'Dun','Begent','dbegenty@globo.com','66404 Forest Run Pass','096048','95550631','1981-11-18','Realcube','Project Manager',224402,'Dun.Begent','Customer.35'),(10000035,'Cale','Froude','cfroudez@oakley.com','1 Graceland Place','419716','95558887','1912-05-14','Yozio','Marketing Assistant',247043,'Cale.Froude','Customer.36'),(10000036,'Franz','Dettmar','fdettmar10@sohu.com','231 Sloan Terrace','558938','95554832','1964-05-04','Skipfire','Paralegal',140321,'Franz.Dettmar','Customer.37'),(10000037,'Ursola','Griffithe','ugriffithe11@uol.com.br','48 Granby Avenue','163344','95553438','1965-01-07','Jabberstorm','Statistician II',300987,'Ursola.Griffithe','Customer.38'),(10000038,'Susette','Fist','sfist12@sfgate.com','67 Stuart Avenue','680235','95552430','1976-12-06','Twinder','Associate Professor',294727,'Susette.Fist','Customer.39'),(10000039,'Aile','Shafier','ashafier13@macromedia.com','689 Banding Way','973034','85557498','1958-01-04','Bluezoom','Staff Scientist',403076,'Aile.Shafier','Customer.40'),(10000040,'Bellanca','Yerborn','byerborn14@vkontakte.ru','69087 Sutherland Avenue','406646','95554367','1984-06-07','Centimia','Payment Adjustment Coordinator',53848,'Bellanca.Yerborn','Customer.41'),(10000041,'Lynea','Frail','lfrail15@slashdot.org','1308 Butterfield Lane','156183','95557063','1934-04-13','Zoonder','Help Desk Technician',273961,'Lynea.Frail','Customer.42'),(10000042,'Elianora','Clougher','eclougher16@google.com.br','99683 Emmet Plaza','055994','85551822','1983-03-06','Feedmix','Assistant Manager',361322,'Elianora.Clougher','Customer.43'),(10000043,'Kelcie','Kingsnode','kkingsnode17@ca.gov','787 Sutteridge Road','937847','95553689','1992-02-14','Mybuzz','Web Designer IV',465038,'Kelcie.Kingsnode','Customer.44'),(10000044,'Val','Boughtflower','vboughtflower18@flavors.me','2 Iowa Road','976002','95551570','1977-04-07','Yozio','Structural Analysis Engineer',243618,'Val.Boughtflower','Customer.45'),(10000045,'Jameson','Athey','jathey19@archive.org','74822 Anhalt Street','935172','85556677','1956-03-08','Shufflester','Graphic Designer',423536,'Jameson.Athey','Customer.46'),(10000046,'Katusha','Kun','kkun1a@hp.com','44 Ridgeway Way','958352','85553741','1926-07-21','Skipfire','Safety Technician IV',284971,'Katusha.Kun','Customer.47'),(10000047,'Aaren','Wartonby','awartonby1b@hexun.com','3 Kipling Park','876173','95555315','1918-01-03','Wikibox','Recruiter',330493,'Aaren.Wartonby','Customer.48'),(10000048,'Gayelord','Divall','gdivall1c@foxnews.com','33 Delaware Court','089327','95557940','2007-07-16','Flipbug','Food Chemist',273075,'Gayelord.Divall','Customer.49'),(10000049,'Margi','Petrasso','mpetrasso1d@narod.ru','48202 Johnson Hill','215715','85557617','1989-06-27','Pixoboo','Mechanical Systems Engineer',123100,'Margi.Petrasso','Customer.50'),(10000050,'Pauly','Rudram','prudram1e@yolasite.com','6978 Pepper Wood Court','352103','95555808','1923-10-09','Jabberstorm','Sales Representative',413813,'Pauly.Rudram','Customer.51'),(10000051,'Carly','Lanfere','clanfere1f@so-net.ne.jp','80 Summer Ridge Drive','426461','95557520','1955-12-18','Linkbridge','Marketing Manager',224238,'Carly.Lanfere','Customer.52'),(10000052,'Chad','Mose','cmose1g@bravesites.com','98232 Sloan Crossing','175866','85557906','1977-03-18','Dynava','Software Test Engineer IV',499931,'Chad.Mose','Customer.53'),(10000053,'Carin','McPeake','cmcpeake1h@twitter.com','6455 Welch Plaza','771771','85550714','1953-12-15','Jabberstorm','Desktop Support Technician',359160,'Carin.McPeake','Customer.54'),(10000054,'Thacher','Schneider','tschneider1i@mlb.com','87337 Moland Alley','890085','95551599','1970-01-28','Zoovu','Recruiting Manager',220214,'Thacher.Schneider','Customer.55'),(10000055,'Leontyne','Martijn','lmartijn1j@ustream.tv','9 Mifflin Lane','776802','95550740','1934-07-13','Dabfeed','Marketing Manager',438805,'Leontyne.Martijn','Customer.56'),(10000056,'Tracy','Gibbe','tgibbe1k@narod.ru','29123 Sloan Junction','523578','85559783','1973-09-25','Linklinks','Automation Specialist II',186270,'Tracy.Gibbe','Customer.57'),(10000057,'Carlee','Lawman','clawman1l@deliciousdays.com','4259 Golden Leaf Pass','875640','95556983','1980-05-19','Zoonoodle','Accounting Assistant III',40026,'Carlee.Lawman','Customer.58'),(10000058,'Nikola','Oliva','noliva1m@phpbb.com','15 Boyd Hill','711549','85552754','1993-11-01','Bluejam','Physical Therapy Assistant',192322,'Nikola.Oliva','Customer.59'),(10000059,'Micheal','Glencorse','mglencorse1n@examiner.com','4 Comanche Junction','597509','95553442','1963-08-23','Shuffledrive','Executive Secretary',176226,'Micheal.Glencorse','Customer.60'),(10000060,'Rogerio','Asker','rasker1o@cam.ac.uk','868 Twin Pines Point','371191','95554589','1963-06-07','Twimbo','Research Nurse',178595,'Rogerio.Asker','Customer.61'),(10000061,'Ignace','Abrahamoff','iabrahamoff1p@topsy.com','03 Amoth Plaza','637090','85552934','1971-12-04','Trilia','Senior Cost Accountant',241311,'Ignace.Abrahamoff','Customer.62'),(10000062,'Karoline','Dymick','kdymick1q@businessinsider.com','00 Crescent Oaks Road','499979','85551690','1945-12-29','Dabtype','Geological Engineer',347077,'Karoline.Dymick','Customer.63'),(10000063,'Derron','Sharland','dsharland1r@mozilla.org','06416 Mariners Cove Place','089059','85559267','1919-07-23','Ooba','Structural Analysis Engineer',298948,'Derron.Sharland','Customer.64'),(10000064,'Daune','Merryfield','dmerryfield1s@fda.gov','14347 Brickson Park Trail','495959','85553315','1965-11-08','Eadel','Staff Scientist',29069,'Daune.Merryfield','Customer.65'),(10000065,'Tatum','Gusticke','tgusticke1t@jigsy.com','9 Kim Pass','373566','85555508','1998-01-01','Skinix','Biostatistician IV',489273,'Tatum.Gusticke','Customer.66'),(10000066,'Scott','Ogley','sogley1u@hubpages.com','25239 Lakewood Gardens Plaza','662645','95558979','1954-12-27','Topicshots','Design Engineer',106276,'Scott.Ogley','Customer.67'),(10000067,'Homer','Glanester','hglanester1v@noaa.gov','4 Forster Hill','841033','95556375','1920-10-24','Pixope','Executive Secretary',109256,'Homer.Glanester','Customer.68'),(10000068,'Zelig','Adkin','zadkin1w@friendfeed.com','868 Division Hill','348853','95555292','1984-07-20','Divanoodle','Librarian',397375,'Zelig.Adkin','Customer.69'),(10000069,'Carmina','Killen','ckillen1x@bravesites.com','66 Menomonie Hill','675167','95558280','2000-08-25','Viva','Senior Quality Engineer',206098,'Carmina.Killen','Customer.70'),(10000070,'Peadar','Popplestone','ppopplestone1y@e-recht24.de','8665 Sutteridge Lane','436329','95551167','1950-01-14','Brainverse','VP Sales',415119,'Peadar.Popplestone','Customer.71'),(10000071,'Granny','Vasilik','gvasilik1z@yahoo.com','134 Crest Line Alley','219636','95557030','1979-06-23','Wikivu','Research Nurse',254230,'Granny.Vasilik','Customer.72'),(10000072,'Malvina','Bruhn','mbruhn20@t-online.de','342 Waubesa Hill','204899','85555733','1956-10-03','Skinder','Assistant Media Planner',95705,'Malvina.Bruhn','Customer.73'),(10000073,'Morissa','Hupka','mhupka21@about.me','99 Sachtjen Circle','172247','85553156','1942-10-08','Tagfeed','Senior Quality Engineer',386784,'Morissa.Hupka','Customer.74'),(10000074,'Clarence','Lapthorn','clapthorn22@woothemes.com','6992 Coleman Center','828055','95553224','1953-12-26','Divavu','Senior Financial Analyst',347218,'Clarence.Lapthorn','Customer.75'),(10000075,'Engracia','Hampstead','ehampstead23@blogs.com','2 Eliot Park','132620','95556748','1917-07-09','Zoonder','Administrative Assistant I',190140,'Engracia.Hampstead','Customer.76'),(10000076,'Terrel','Ruslen','truslen24@etsy.com','2 Clemons Center','220213','85551950','1928-03-28','Eidel','VP Product Management',105732,'Terrel.Ruslen','Customer.77'),(10000077,'Freida','Washbrook','fwashbrook25@geocities.com','3 Del Sol Road','774411','85552564','1956-08-04','Vipe','Senior Quality Engineer',129610,'Freida.Washbrook','Customer.78'),(10000078,'Findley','Hylton','fhylton26@yellowbook.com','231 Nova Terrace','591286','95559493','1976-11-30','Rhyzio','Graphic Designer',65429,'Findley.Hylton','Customer.79'),(10000079,'Derry','Tothacot','dtothacot27@jigsy.com','60812 Nova Terrace','513396','95554804','1968-03-12','Divape','Speech Pathologist',109003,'Derry.Tothacot','Customer.80'),(10000080,'Beau','Lagneaux','blagneaux28@oracle.com','7 Village Green Pass','578756','85551451','1929-07-31','Devify','Compensation Analyst',182011,'Beau.Lagneaux','Customer.81'),(10000081,'Cristine','Connop','cconnop29@columbia.edu','46391 Anderson Drive','195149','85551576','1983-07-30','Photospace','VP Sales',186536,'Cristine.Connop','Customer.82'),(10000082,'Leann','Jennins','ljennins2a@fastcompany.com','951 Oneill Point','580830','85551708','1984-05-26','Feedfish','General Manager',103097,'Leann.Jennins','Customer.83'),(10000083,'Amalee','Taggett','ataggett2b@indiegogo.com','6 Hollow Ridge Drive','301113','85558280','2000-12-01','Thoughtstorm','Senior Editor',497205,'Amalee.Taggett','Customer.84'),(10000084,'Joel','Boniface','jboniface2c@unblog.fr','19356 Bunker Hill Court','837946','85551008','1950-07-29','Quatz','Assistant Media Planner',452761,'Joel.Boniface','Customer.85'),(10000085,'Geneva','Burditt','gburditt2d@goo.gl','2096 Pleasure Way','343245','85555122','1952-11-28','Centimia','General Manager',186105,'Geneva.Burditt','Customer.86'),(10000086,'Kitty','Chesley','kchesley2e@house.gov','49 Chive Court','884147','95556930','1969-11-27','Oyondu','Assistant Professor',405953,'Kitty.Chesley','Customer.87'),(10000087,'Alfie','Leppington','aleppington2f@hao123.com','5 Elka Circle','388412','95551207','2002-01-31','Gigazoom','Electrical Engineer',257763,'Alfie.Leppington','Customer.88'),(10000088,'Charity','Godilington','cgodilington2g@comsenz.com','0 Union Drive','255343','95559813','1933-05-15','Divape','Geologist II',150076,'Charity.Godilington','Customer.89'),(10000089,'Casar','Brandenberg','cbrandenberg2h@indiatimes.com','83 Ludington Parkway','193182','85552354','1991-05-30','Miboo','Community Outreach Specialist',383380,'Casar.Brandenberg','Customer.90'),(10000090,'Bondie','Fahrenbacher','bfahrenbacher2i@jugem.jp','6204 Forster Terrace','525849','85553779','1967-12-03','Buzzshare','Systems Administrator IV',48408,'Bondie.Fahrenbacher','Customer.91'),(10000091,'Silas','Lytlle','slytlle2j@moonfruit.com','5 La Follette Junction','459286','85558791','1971-11-05','Buzzbean','Staff Scientist',434804,'Silas.Lytlle','Customer.92'),(10000092,'Haskel','Buck','hbuck2k@yolasite.com','539 Bonner Plaza','235024','85554582','1946-09-02','Skyble','VP Product Management',140157,'Haskel.Buck','Customer.93'),(10000093,'Millisent','Mateiko','mmateiko2l@samsung.com','06059 Steensland Drive','596322','95554815','2008-07-13','Katz','Senior Financial Analyst',331410,'Millisent.Mateiko','Customer.94'),(10000094,'Annmaria','Scoffins','ascoffins2m@creativecommons.org','615 Londonderry Road','317882','95552675','1956-09-22','Leexo','Legal Assistant',45318,'Annmaria.Scoffins','Customer.95'),(10000095,'Shurlocke','Mallows','smallows2n@freewebs.com','662 Pennsylvania Junction','070647','85557190','1963-10-05','Midel','Geologist II',217416,'Shurlocke.Mallows','Customer.96'),(10000096,'Emyle','Spiring','espiring2o@clickbank.net','64899 American Road','742862','95553669','1948-06-16','Wordpedia','Research Associate',219260,'Emyle.Spiring','Customer.97'),(10000097,'Rheta','Donnell','rdonnell2p@w3.org','14 Ridge Oak Hill','667334','85550230','1936-03-28','Muxo','Research Assistant III',309779,'Rheta.Donnell','Customer.98'),(10000098,'Clemmy','Hargreave','chargreave2q@nymag.com','37 Beilfuss Junction','996892','85557131','1999-09-02','Reallinks','Mechanical Systems Engineer',268140,'Clemmy.Hargreave','Customer.99'),(10000099,'Nels','Findlay','nfindlay2r@sphinn.com','08 Kings Park','796581','95557572','1946-07-15','Digitube','Statistician II',133365,'Nels.Findlay','Customer.100'),(10000100,'Armand','Watkinson','awatkinson2s@apache.org','6502 Village Street','675728','85551086','1998-01-09','Shuffledrive','Research Nurse',159489,'Armand.Watkinson','Customer.101'),(10000101,'Boot','Denniss','bdenniss2t@indiatimes.com','712 Blaine Plaza','966914','85559065','1915-01-30','Rhycero','Nurse Practicioner',392065,'Boot.Denniss','Customer.102'),(10000102,'Dominick','Grindle','dgrindle2u@house.gov','47 Vermont Plaza','278806','95555073','1975-09-23','Twinte','Database Administrator IV',399191,'Dominick.Grindle','Customer.103'),(10000103,'Callida','Flobert','cflobert2v@edublogs.org','49 Burrows Street','000663','95559760','1945-09-09','Bubblebox','Senior Quality Engineer',160315,'Callida.Flobert','Customer.104'),(10000104,'Lula','Isaac','lisaac2w@bandcamp.com','2260 Steensland Road','096885','95552823','1924-10-03','Oyondu','Dental Hygienist',452113,'Lula.Isaac','Customer.105'),(10000105,'Dionne','de Castelain','ddecastelain2x@jigsy.com','135 Lakewood Gardens Alley','020933','85554829','1964-08-09','Yabox','Actuary',418174,'Dionne.de Castelain','Customer.106'),(10000106,'Anna-maria','Pikhno','apikhno2y@army.mil','84 Hazelcrest Center','520954','85556906','1971-01-28','Fivespan','Data Coordiator',349128,'Anna-maria.Pikhno','Customer.107'),(10000107,'Kare','Ternault','kternault2z@liveinternet.ru','8 Victoria Plaza','445862','85554595','1989-08-06','Jazzy','Cost Accountant',295261,'Kare.Ternault','Customer.108'),(10000108,'Ysabel','Tinker','ytinker30@nsw.gov.au','9980 Eggendart Plaza','980937','85550601','1989-12-15','Quatz','Media Manager II',82874,'Ysabel.Tinker','Customer.109'),(10000109,'Gustav','Froment','gfroment31@upenn.edu','0099 Blue Bill Park Court','174219','95555877','1978-03-29','Brainverse','Librarian',137054,'Gustav.Froment','Customer.110'),(10000110,'Marney','Abbay','mabbay32@nydailynews.com','81 Anthes Junction','637701','85557415','1940-06-29','Blogtag','Automation Specialist IV',472507,'Marney.Abbay','Customer.111'),(10000111,'Abby','Menloe','amenloe33@ed.gov','6774 Daystar Drive','589929','95553683','1964-10-24','Thoughtbeat','Payment Adjustment Coordinator',28383,'Abby.Menloe','Customer.112'),(10000112,'Sula','Dogg','sdogg34@mozilla.com','9737 Talmadge Circle','673437','95559516','1983-05-13','Zoombox','Registered Nurse',92807,'Sula.Dogg','Customer.113'),(10000113,'Charyl','Loynes','cloynes35@123-reg.co.uk','02 Service Trail','288390','85557639','1970-11-06','Ailane','Internal Auditor',132309,'Charyl.Loynes','Customer.114'),(10000114,'Kaja','Kiff','kkiff36@constantcontact.com','78 Lawn Park','284558','85551424','1932-12-22','Plambee','Graphic Designer',211339,'Kaja.Kiff','Customer.115'),(10000115,'Asia','Giovanetti','agiovanetti37@adobe.com','4 Dovetail Way','012326','95554113','1920-07-14','Kwinu','Sales Representative',380855,'Asia.Giovanetti','Customer.116'),(10000116,'Laurella','Cordon','lcordon38@wunderground.com','41203 Melby Place','238245','85557299','1956-06-02','Kamba','Electrical Engineer',374199,'Laurella.Cordon','Customer.117'),(10000117,'Gabby','Cawthorne','gcawthorne39@cafepress.com','319 Dorton Parkway','986271','95554520','1982-04-08','Gabvine','Staff Accountant III',272921,'Gabby.Cawthorne','Customer.118'),(10000118,'Cary','Neachell','cneachell3a@ask.com','99309 Harper Parkway','599577','85551395','1956-10-02','Tagtune','Sales Representative',499285,'Cary.Neachell','Customer.119'),(10000119,'Harlie','Hannen','hhannen3b@sciencedaily.com','85562 Donald Plaza','757623','85559594','1993-10-15','Blognation','Accountant IV',494932,'Harlie.Hannen','Customer.120'),(10000120,'Tonnie','Denerley','tdenerley3c@hc360.com','45 Harbort Way','476985','95554572','1914-12-10','Quaxo','Accounting Assistant I',25652,'Tonnie.Denerley','Customer.121'),(10000121,'Pollyanna','Norledge','pnorledge3d@google.nl','7 Upham Point','376323','85553534','1983-05-07','Talane','Community Outreach Specialist',234785,'Pollyanna.Norledge','Customer.122'),(10000122,'Gaven','Tuddall','gtuddall3e@trellian.com','5 Roxbury Place','534685','95550150','1927-04-14','Twitterbeat','Computer Systems Analyst III',55841,'Gaven.Tuddall','Customer.123'),(10000123,'Izabel','Leece','ileece3f@vimeo.com','72927 Shelley Alley','865664','95556168','1933-07-05','Quamba','VP Sales',359856,'Izabel.Leece','Customer.124'),(10000124,'Anissa','Horning','ahorning3g@harvard.edu','45976 Carpenter Crossing','844490','85557967','1917-05-27','Mybuzz','Budget/Accounting Analyst I',343323,'Anissa.Horning','Customer.125'),(10000125,'Hyman','Jansik','hjansik3h@ted.com','93743 Pennsylvania Street','509654','95559916','1980-02-25','Roodel','Geologist III',167155,'Hyman.Jansik','Customer.126'),(10000126,'Felicity','Fraczek','ffraczek3i@networkadvertising.org','92254 Walton Avenue','996406','85558128','1997-09-07','Tazzy','Environmental Specialist',132931,'Felicity.Fraczek','Customer.127'),(10000127,'Tonya','Gilbart','tgilbart3j@ft.com','6787 Elmside Drive','068259','95558541','1977-05-09','Yabox','Engineer I',318867,'Tonya.Gilbart','Customer.128'),(10000128,'North','Phibb','nphibb3k@dmoz.org','63412 Hollow Ridge Place','593687','95556785','1916-06-18','Ntags','Analog Circuit Design manager',217135,'North.Phibb','Customer.129'),(10000129,'Earle','Ciciari','eciciari3l@tamu.edu','4527 Packers Junction','444913','95552515','1961-12-08','Eire','VP Quality Control',409300,'Earle.Ciciari','Customer.130'),(10000130,'Darrick','Skypp','dskypp3m@tmall.com','9183 Moose Plaza','948395','95556168','1928-01-19','Eamia','Speech Pathologist',82468,'Darrick.Skypp','Customer.131'),(10000131,'Udale','Febvre','ufebvre3n@blogtalkradio.com','520 Pond Park','619784','95551945','1974-12-12','Topiclounge','Design Engineer',471365,'Udale.Febvre','Customer.132'),(10000132,'Brittne','Danielkiewicz','bdanielkiewicz3o@liveinternet.ru','7805 Shelley Court','201911','95553382','1986-02-14','Rooxo','Design Engineer',221583,'Brittne.Danielkiewicz','Customer.133'),(10000133,'Nichol','Cockitt','ncockitt3p@msn.com','69724 Maple Wood Parkway','773841','95554509','1999-01-25','Camimbo','Senior Cost Accountant',265514,'Nichol.Cockitt','Customer.134'),(10000134,'Yolanthe','Cadagan','ycadagan3q@businesswire.com','2 Vahlen Street','990940','95556404','1963-02-06','Oyonder','Media Manager IV',447976,'Yolanthe.Cadagan','Customer.135'),(10000135,'Ulrich','Labarre','ulabarre3r@unc.edu','3484 Heffernan Street','448118','85557057','1978-05-05','Jabbersphere','Registered Nurse',43820,'Ulrich.Labarre','Customer.136'),(10000136,'Abner','Bartoleyn','abartoleyn3s@google.com.br','66 Bultman Junction','193486','85552911','1924-11-08','Oozz','Software Test Engineer II',378989,'Abner.Bartoleyn','Customer.137'),(10000137,'Vincents','Basler','vbasler3t@ycombinator.com','72 Warner Street','970429','95554946','1952-08-01','Wikibox','Quality Engineer',326045,'Vincents.Basler','Customer.138'),(10000138,'Jaime','Abba','jabba3u@rediff.com','14808 Packers Plaza','680491','85559900','1920-11-19','Dynabox','VP Quality Control',442488,'Jaime.Abba','Customer.139'),(10000139,'Glenn','Pepineaux','gpepineaux3v@phpbb.com','8244 Dawn Road','744127','95556224','1936-04-17','Quinu','Recruiting Manager',200319,'Glenn.Pepineaux','Customer.140'),(10000140,'Glynn','Cullingford','gcullingford3w@amazon.co.jp','1 Burning Wood Avenue','800701','95553718','1929-04-23','Fivespan','VP Accounting',110218,'Glynn.Cullingford','Customer.141'),(10000141,'Grantham','Shaw','gshaw3x@so-net.ne.jp','38 Lerdahl Drive','903719','85558039','1964-06-03','Meevee','Statistician I',350412,'Grantham.Shaw','Customer.142'),(10000142,'Patience','Porteous','pporteous3y@gizmodo.com','43169 Spaight Pass','317511','95559329','1966-08-13','Photospace','Senior Quality Engineer',333514,'Patience.Porteous','Customer.143'),(10000143,'Lyssa','Aikin','laikin3z@usatoday.com','46257 Macpherson Parkway','092712','85556412','1927-04-17','Yata','Clinical Specialist',189342,'Lyssa.Aikin','Customer.144'),(10000144,'Angelique','Foltin','afoltin40@soup.io','2911 Banding Pass','793826','95554916','1967-01-27','Babblestorm','Staff Accountant III',411012,'Angelique.Foltin','Customer.145'),(10000145,'Cherin','Martinovic','cmartinovic41@tmall.com','9 Elgar Drive','372566','95558146','1992-01-12','Meevee','Help Desk Operator',285498,'Cherin.Martinovic','Customer.146'),(10000146,'Raf','Paffley','rpaffley42@scribd.com','48059 Petterle Crossing','979433','85558873','1970-06-15','Skilith','Tax Accountant',217461,'Raf.Paffley','Customer.147'),(10000147,'Fredric','Deam','fdeam43@exblog.jp','82177 Alpine Alley','137573','85555741','1982-05-16','Livetube','Mechanical Systems Engineer',454366,'Fredric.Deam','Customer.148'),(10000148,'Blaine','Sancto','bsancto44@vistaprint.com','565 Crescent Oaks Court','916408','95556906','1963-09-11','Fatz','Engineer I',106263,'Blaine.Sancto','Customer.149'),(10000149,'Charin','Kachel','ckachel45@examiner.com','09 Randy Place','487972','95556153','1943-01-01','Yotz','Marketing Assistant',223573,'Charin.Kachel','Customer.150'),(10000150,'Gallard','McEneny','gmceneny46@eventbrite.com','8 Merrick Lane','021582','95556662','1952-12-20','Ooba','Tax Accountant',242835,'Gallard.McEneny','Customer.151'),(10000151,'Sherwynd','McIlenna','smcilenna47@msu.edu','7119 Luster Plaza','095890','85555808','1936-03-11','Oozz','Chemical Engineer',239867,'Sherwynd.McIlenna','Customer.152'),(10000152,'Daveta','Suller','dsuller48@bbb.org','88 New Castle Hill','411097','95555982','1948-08-08','Devbug','Community Outreach Specialist',401955,'Daveta.Suller','Customer.153'),(10000153,'Terry','Quillinane','tquillinane49@youtu.be','27 2nd Court','956016','95553057','1974-01-02','Roodel','Chief Design Engineer',335291,'Terry.Quillinane','Customer.154'),(10000154,'Bartholomew','Faier','bfaier4a@slate.com','2073 Warrior Way','888636','95556154','1954-04-09','Centizu','Electrical Engineer',283302,'Bartholomew.Faier','Customer.155'),(10000155,'Chrissy','Fortie','cfortie4b@nyu.edu','53 Nelson Lane','486312','85551509','1984-02-10','Latz','Account Representative III',208793,'Chrissy.Fortie','Customer.156'),(10000156,'Elnar','Peealess','epeealess4c@youku.com','42416 Parkside Point','042885','85557535','2009-08-08','Leenti','Marketing Manager',404127,'Elnar.Peealess','Customer.157'),(10000157,'Brennen','Vesco','bvesco4d@jalbum.net','18 Kedzie Alley','117802','95550433','2000-03-12','Jetwire','Cost Accountant',155253,'Brennen.Vesco','Customer.158'),(10000158,'Meredeth','Budleigh','mbudleigh4e@marriott.com','7655 Garrison Trail','158229','95556305','1939-01-04','Dabshots','Research Assistant IV',403352,'Meredeth.Budleigh','Customer.159'),(10000159,'Dino','Clohessy','dclohessy4f@blogger.com','24 Declaration Junction','848599','95556686','1956-07-25','Trilith','Project Manager',53051,'Dino.Clohessy','Customer.160'),(10000160,'Fawn','Sisselot','fsisselot4g@wix.com','6678 Maryland Road','350112','85550506','1992-05-16','Leexo','Account Executive',265281,'Fawn.Sisselot','Customer.161'),(10000161,'Bailie','Feehily','bfeehily4h@umich.edu','9517 Ridge Oak Pass','997419','85551133','1987-07-15','Avavee','Analyst Programmer',233856,'Bailie.Feehily','Customer.162'),(10000162,'Ciro','Nowell','cnowell4i@com.com','212 Boyd Lane','098744','95554535','1951-09-30','Feedfire','Librarian',456601,'Ciro.Nowell','Customer.163'),(10000163,'Gasparo','Terzi','gterzi4j@free.fr','61367 Rieder Park','681687','85552374','1932-09-24','Tavu','Developer I',306925,'Gasparo.Terzi','Customer.164'),(10000164,'Maurie','Casbourne','mcasbourne4k@live.com','63016 Ruskin Circle','718485','95558222','1995-05-30','Myworks','Recruiter',220058,'Maurie.Casbourne','Customer.165'),(10000165,'Malvin','Lyptratt','mlyptratt4l@fema.gov','98107 Starling Hill','521676','85555643','1957-10-11','Mybuzz','Analyst Programmer',265065,'Malvin.Lyptratt','Customer.166'),(10000166,'Cherry','MacGiolla Pheadair','cmacgiollapheadair4m@privacy.gov.au','733 Westerfield Lane','581299','95555064','1993-07-16','Topdrive','Senior Quality Engineer',234734,'Cherry.MacGiolla Pheadair','Customer.167'),(10000167,'Reba','Rosenstock','rrosenstock4n@berkeley.edu','204 Hagan Street','621838','95555886','1994-11-26','Quamba','Research Assistant III',63699,'Reba.Rosenstock','Customer.168'),(10000168,'Rozamond','Dionisetti','rdionisetti4o@squarespace.com','084 Gina Place','498159','95557128','1972-02-08','Ooba','Quality Engineer',371359,'Rozamond.Dionisetti','Customer.169'),(10000169,'Joann','Yorston','jyorston4p@unesco.org','86 Granby Lane','453050','85559407','1961-01-13','Kazio','Accountant II',420891,'Joann.Yorston','Customer.170'),(10000170,'Allister','MacDuff','amacduff4q@youku.com','986 Mariners Cove Crossing','095904','85550632','1990-08-03','Quimm','Sales Associate',352555,'Allister.MacDuff','Customer.171'),(10000171,'Vonni','Fleis','vfleis4r@hugedomains.com','27872 Kenwood Drive','150573','95554901','1964-11-05','Thoughtstorm','Web Designer I',164367,'Vonni.Fleis','Customer.172'),(10000172,'Base','Patterfield','bpatterfield4s@arstechnica.com','0932 Chinook Hill','867982','95552984','1987-04-14','Plajo','Administrative Assistant III',446192,'Base.Patterfield','Customer.173'),(10000173,'Flossie','Jennens','fjennens4t@time.com','9 Autumn Leaf Point','898000','95550565','1956-09-16','Trupe','Financial Advisor',375468,'Flossie.Jennens','Customer.174'),(10000174,'Kathryne','Bretland','kbretland4u@aboutads.info','2040 Corben Plaza','381921','95554577','1960-11-16','Gigaclub','Clinical Specialist',441939,'Kathryne.Bretland','Customer.175'),(10000175,'Collen','Slatten','cslatten4v@cbsnews.com','2316 Hayes Parkway','544357','95555113','1933-12-01','Wikido','Structural Engineer',454077,'Collen.Slatten','Customer.176'),(10000176,'Andra','Lafaye','alafaye4w@freewebs.com','3 Lawn Point','403712','95558627','1991-04-24','Ooba','Librarian',256146,'Andra.Lafaye','Customer.177'),(10000177,'Mathian','Brauns','mbrauns4x@reuters.com','39436 Monument Street','247219','95551356','1958-10-18','Vinte','Research Assistant IV',284337,'Mathian.Brauns','Customer.178'),(10000178,'Fayette','Norfolk','fnorfolk4y@ibm.com','8 Alpine Drive','013099','85554925','1948-10-22','Talane','Geological Engineer',57481,'Fayette.Norfolk','Customer.179'),(10000179,'Rikki','Underwood','runderwood4z@gmpg.org','4992 Morning Trail','911498','95554365','1969-12-03','Blogtags','Senior Quality Engineer',493983,'Rikki.Underwood','Customer.180'),(10000180,'Amandie','Worthy','aworthy50@harvard.edu','61 Milwaukee Crossing','010678','85559189','1971-08-17','Photospace','Nurse Practicioner',247785,'Amandie.Worthy','Customer.181'),(10000181,'Pia','Benfield','pbenfield51@wired.com','288 Graceland Pass','020658','95552719','1998-05-21','Livetube','Physical Therapy Assistant',468844,'Pia.Benfield','Customer.182'),(10000182,'Myrwyn','Crumbleholme','mcrumbleholme52@wikipedia.org','22 Canary Trail','580701','85550479','1932-04-30','Izio','Financial Analyst',333135,'Myrwyn.Crumbleholme','Customer.183'),(10000183,'Roxie','Dybbe','rdybbe53@mediafire.com','0 Dexter Pass','949670','85551560','1974-10-01','Trilia','Computer Systems Analyst III',213689,'Roxie.Dybbe','Customer.184'),(10000184,'Kit','Duligal','kduligal54@ameblo.jp','356 Veith Parkway','408677','95559796','1978-10-17','Gabspot','Developer I',372019,'Kit.Duligal','Customer.185'),(10000185,'Cristi','Tarr','ctarr55@shutterfly.com','73659 Rieder Way','673665','85556004','1930-07-07','Thoughtmix','Cost Accountant',423641,'Cristi.Tarr','Customer.186'),(10000186,'Corabelle','Very','cvery56@bbc.co.uk','694 Transport Drive','204384','95550097','1971-11-14','Linklinks','Data Coordiator',319697,'Corabelle.Very','Customer.187'),(10000187,'Abie','Wagstaff','awagstaff57@smugmug.com','60 Myrtle Drive','923673','85557980','1949-11-04','Edgeclub','General Manager',401651,'Abie.Wagstaff','Customer.188'),(10000188,'Nancee','Antham','nantham58@edublogs.org','96 Di Loreto Terrace','212425','85554197','1930-08-14','Oodoo','Staff Accountant IV',290018,'Nancee.Antham','Customer.189'),(10000189,'Ase','Forrestill','aforrestill59@cloudflare.com','008 Dawn Street','551000','95559224','1986-09-06','Topdrive','Professor',72688,'Ase.Forrestill','Customer.190'),(10000190,'Cam','Eliaz','celiaz5a@cnbc.com','7 Washington Avenue','388327','95559096','1914-11-19','Trudeo','Engineer III',441562,'Cam.Eliaz','Customer.191'),(10000191,'Karel','Dingsdale','kdingsdale5b@free.fr','737 Dwight Center','548070','95550465','1942-06-27','Tanoodle','Marketing Manager',40614,'Karel.Dingsdale','Customer.192'),(10000192,'Basile','Quinnelly','bquinnelly5c@facebook.com','48375 Ludington Drive','264447','85558641','1975-07-09','Skippad','Chief Design Engineer',173662,'Basile.Quinnelly','Customer.193'),(10000193,'Jdavie','Benaine','jbenaine5d@51.la','6519 Montana Street','238201','95558010','1938-03-24','Nlounge','Marketing Manager',480671,'Jdavie.Benaine','Customer.194'),(10000194,'Mavis','Crean','mcrean5e@wisc.edu','22 Crowley Street','169786','95550661','1942-03-15','Ozu','Staff Scientist',177130,'Mavis.Crean','Customer.195'),(10000195,'Bond','Allchorne','ballchorne5f@yahoo.co.jp','555 Jenna Parkway','617476','85559638','1967-12-29','Browsezoom','Administrative Assistant I',51163,'Bond.Allchorne','Customer.196'),(10000196,'Danica','Muckeen','dmuckeen5g@washington.edu','5042 Blue Bill Park Terrace','751150','85557815','1954-01-28','Oloo','Occupational Therapist',187181,'Danica.Muckeen','Customer.197'),(10000197,'Nicola','Akess','nakess5h@wufoo.com','31 Melvin Way','878384','85559340','1983-04-23','Twiyo','Account Executive',363671,'Nicola.Akess','Customer.198'),(10000198,'Heather','Evert','hevert5i@uiuc.edu','09 Trailsway Parkway','604700','95556520','1944-02-12','Yamia','Environmental Specialist',294195,'Heather.Evert','Customer.199'),(10000199,'Ferris','Chaffyn','fchaffyn5j@nbcnews.com','55 Hovde Drive','390722','85553355','1920-10-16','Skippad','Automation Specialist III',349421,'Ferris.Chaffyn','Customer.200'),(10000200,'Mendie','Wolstencroft','mwolstencroft5k@sina.com.cn','99209 Northwestern Place','987520','85553845','1994-02-16','Aimbu','Staff Accountant II',191501,'Mendie.Wolstencroft','Customer.201'),(10000201,'Carroll','Ollivierre','collivierre5l@discovery.com','6880 8th Pass','710035','85554875','2006-06-28','Jabbertype','Staff Accountant I',174626,'Carroll.Ollivierre','Customer.202'),(10000202,'Mathew','Smelley','msmelley5m@sfgate.com','12 Ronald Regan Plaza','097861','85557739','1990-08-06','Zazio','Clinical Specialist',260096,'Mathew.Smelley','Customer.203'),(10000203,'Tyson','Shillabear','tshillabear5n@nsw.gov.au','52676 Kim Hill','150702','95558775','1961-11-01','Youopia','Business Systems Development Analyst',123174,'Tyson.Shillabear','Customer.204'),(10000204,'Rhona','Keeri','rkeeri5o@foxnews.com','62 Summerview Pass','384815','85558373','2003-10-06','Teklist','Senior Quality Engineer',78098,'Rhona.Keeri','Customer.205'),(10000205,'Haley','Herreran','hherreran5p@google.ca','9208 Forest Crossing','611756','85559201','1951-09-26','BlogXS','Senior Financial Analyst',331579,'Haley.Herreran','Customer.206'),(10000206,'Anthiathia','Pendleberry','apendleberry5q@twitter.com','8 Kim Point','907212','85556752','1943-01-08','Blogspan','Librarian',347113,'Anthiathia.Pendleberry','Customer.207'),(10000207,'Yvonne','Stennine','ystennine5r@bandcamp.com','5454 Del Mar Plaza','941095','95555773','1977-05-16','Oyonder','Assistant Manager',422989,'Yvonne.Stennine','Customer.208'),(10000208,'Olly','Cordelle','ocordelle5s@so-net.ne.jp','541 Corry Crossing','565367','95554564','1944-10-07','Kimia','Accountant II',395332,'Olly.Cordelle','Customer.209'),(10000209,'Janna','Fibbings','jfibbings5t@wikia.com','286 Waxwing Park','750814','95553805','1953-04-21','Eire','Engineer III',384743,'Janna.Fibbings','Customer.210'),(10000210,'Sula','Dengate','sdengate5u@slashdot.org','22 Sauthoff Street','268111','95558488','1962-11-03','Dynabox','Health Coach III',87008,'Sula.Dengate','Customer.211'),(10000211,'Raynell','Lynock','rlynock5v@flickr.com','67979 Brickson Park Parkway','714231','85555275','1932-01-02','Myworks','Senior Cost Accountant',294950,'Raynell.Lynock','Customer.212'),(10000212,'Gawain','Jacquemy','gjacquemy5w@i2i.jp','34481 Portage Point','454069','85559164','1991-07-06','Oozz','Web Designer I',175453,'Gawain.Jacquemy','Customer.213'),(10000213,'Wilfrid','Kibard','wkibard5x@soundcloud.com','86 Arapahoe Park','869247','85558401','1928-02-21','Yodel','Recruiter',236387,'Wilfrid.Kibard','Customer.214'),(10000214,'Betsey','Banbrick','bbanbrick5y@liveinternet.ru','8676 Corben Terrace','781139','95554959','1996-09-29','Youfeed','Registered Nurse',426609,'Betsey.Banbrick','Customer.215'),(10000215,'Ricoriki','Dayne','rdayne5z@nps.gov','96831 Pepper Wood Place','467068','85557023','1923-07-14','Voolia','Automation Specialist I',261142,'Ricoriki.Dayne','Customer.216'),(10000216,'Abbie','Diggin','adiggin60@google.co.uk','710 Magdeline Park','471582','95551927','1922-05-03','Yata','Senior Quality Engineer',129733,'Abbie.Diggin','Customer.217'),(10000217,'Ali','Potkins','apotkins61@imageshack.us','2 Buhler Alley','182856','85556192','1982-08-26','Tagtune','Senior Editor',317596,'Ali.Potkins','Customer.218'),(10000218,'Celestine','Ivanshintsev','civanshintsev62@jiathis.com','8786 Memorial Road','827549','85551788','1976-04-17','Skipstorm','Senior Cost Accountant',274414,'Celestine.Ivanshintsev','Customer.219'),(10000219,'Walker','Parrington','wparrington63@drupal.org','47925 Stephen Terrace','652342','85551123','1995-04-27','Mynte','VP Accounting',301697,'Walker.Parrington','Customer.220'),(10000220,'Stavros','Elleton','selleton64@twitpic.com','9 Westridge Way','886358','95557495','1947-11-05','Vinder','VP Product Management',145466,'Stavros.Elleton','Customer.221'),(10000221,'Murial','Klageman','mklageman65@jigsy.com','7 Loftsgordon Plaza','932931','85557773','1978-12-26','Gabspot','Research Assistant I',47014,'Murial.Klageman','Customer.222'),(10000222,'Chantalle','Mulford','cmulford66@sphinn.com','1040 Farwell Avenue','642529','95551879','1930-10-29','Oloo','Business Systems Development Analyst',36129,'Chantalle.Mulford','Customer.223'),(10000223,'Anatole','Choppen','achoppen67@xrea.com','5 Mariners Cove Court','620577','95550780','1936-01-14','Livefish','Financial Advisor',131726,'Anatole.Choppen','Customer.224'),(10000224,'Lindy','Haglinton','lhaglinton68@indiegogo.com','13 John Wall Crossing','514356','95558479','1996-04-09','Jayo','Mechanical Systems Engineer',439125,'Lindy.Haglinton','Customer.225'),(10000225,'Amara','Betjes','abetjes69@wsj.com','3 Harbort Lane','168258','85554966','1990-12-05','Roombo','VP Sales',478681,'Amara.Betjes','Customer.226'),(10000226,'Jerrilyn','Tracey','jtracey6a@slate.com','2 Namekagon Way','618674','95552474','1918-04-19','Flashdog','Physical Therapy Assistant',402697,'Jerrilyn.Tracey','Customer.227'),(10000227,'Friederike','Kedward','fkedward6b@php.net','1 Ramsey Place','224177','85550079','1989-03-22','Shuffledrive','Food Chemist',90105,'Friederike.Kedward','Customer.228'),(10000228,'Annetta','MacGaughy','amacgaughy6c@shinystat.com','143 Moulton Crossing','755728','95554372','1974-10-09','Podcat','Budget/Accounting Analyst III',280553,'Annetta.MacGaughy','Customer.229'),(10000229,'Dania','Dunguy','ddunguy6d@state.tx.us','69538 South Lane','692859','95550159','1928-08-25','Pixoboo','Assistant Professor',233134,'Dania.Dunguy','Customer.230'),(10000230,'Cassey','Mariaud','cmariaud6e@paypal.com','88 Johnson Place','213354','85550539','1986-02-21','Realmix','Environmental Tech',229032,'Cassey.Mariaud','Customer.231'),(10000231,'Merridie','Emtage','memtage6f@mapquest.com','7 Del Mar Road','372537','95554146','1986-07-30','Brainbox','Structural Engineer',194013,'Merridie.Emtage','Customer.232'),(10000232,'Jillane','Jendrich','jjendrich6g@cam.ac.uk','81789 Arrowood Plaza','675543','95554478','1928-03-03','Quimba','Research Assistant II',364287,'Jillane.Jendrich','Customer.233'),(10000233,'Corissa','Grist','cgrist6h@mayoclinic.com','518 Birchwood Court','102624','95550203','1954-02-18','Bluejam','Librarian',72944,'Corissa.Grist','Customer.234'),(10000234,'Roana','Dunkinson','rdunkinson6i@un.org','5806 Mitchell Place','300169','85559033','2003-11-09','Dynava','Technical Writer',494691,'Roana.Dunkinson','Customer.235'),(10000235,'Annabell','Blazewicz','ablazewicz6j@dmoz.org','5 Prentice Court','053629','85551014','1944-12-22','Oba','VP Quality Control',131613,'Annabell.Blazewicz','Customer.236'),(10000236,'Chadwick','Meriel','cmeriel6k@google.es','2472 Sullivan Pass','277047','85550657','1970-02-21','Topiczoom','Automation Specialist I',180344,'Chadwick.Meriel','Customer.237'),(10000237,'Cinda','Culp','cculp6l@jigsy.com','1285 Fuller Center','730574','95556777','2000-03-30','Photobean','Structural Analysis Engineer',362033,'Cinda.Culp','Customer.238'),(10000238,'Minny','Blakeston','mblakeston6m@jiathis.com','01516 New Castle Avenue','397250','85556604','1930-07-07','Wordify','Project Manager',169688,'Minny.Blakeston','Customer.239'),(10000239,'Hildegaard','Sommerscales','hsommerscales6n@reddit.com','566 Corry Center','119847','95556412','1946-12-10','Mymm','Project Manager',199609,'Hildegaard.Sommerscales','Customer.240'),(10000240,'Noemi','Gladyer','ngladyer6o@bbb.org','1942 Lien Street','353073','85553854','2006-12-21','Pixonyx','Project Manager',135799,'Noemi.Gladyer','Customer.241'),(10000241,'Guenevere','Abba','gabba6p@google.ru','260 Burning Wood Way','388583','95553959','2001-12-24','Zoombeat','Account Executive',253649,'Guenevere.Abba','Customer.242'),(10000242,'Sorcha','Saffon','ssaffon6q@cyberchimps.com','05298 Tony Alley','340415','95558962','1982-11-20','Einti','Senior Sales Associate',397296,'Sorcha.Saffon','Customer.243'),(10000243,'Velvet','Boothe','vboothe6r@bandcamp.com','8 Nobel Crossing','399492','95555346','1978-06-15','Blogspan','Sales Associate',334702,'Velvet.Boothe','Customer.244'),(10000244,'Thea','Abbay','tabbay6s@mashable.com','4 Sunbrook Lane','905139','85550514','1940-09-24','Yotz','Software Consultant',236333,'Thea.Abbay','Customer.245'),(10000245,'Norrie','Duberry','nduberry6t@symantec.com','3221 Knutson Place','708671','95551340','1957-05-13','Midel','Actuary',171036,'Norrie.Duberry','Customer.246'),(10000246,'Yule','Howitt','yhowitt6u@trellian.com','0 Mesta Trail','435129','95556641','1928-03-02','Buzzbean','Geological Engineer',469323,'Yule.Howitt','Customer.247'),(10000247,'Joseito','Fri','jfri6v@mozilla.com','88626 2nd Avenue','784874','85555104','1914-12-02','Yakitri','Payment Adjustment Coordinator',358754,'Joseito.Fri','Customer.248'),(10000248,'Thia','Peyto','tpeyto6w@stanford.edu','4406 Kennedy Circle','321006','85555211','1989-08-29','Quire','Geologist IV',63966,'Thia.Peyto','Customer.249'),(10000249,'Rhonda','Perocci','rperocci6x@networksolutions.com','2 Fuller Road','515157','85550938','1944-07-26','Wikizz','Technical Writer',245460,'Rhonda.Perocci','Customer.250'),(10000250,'Graeme','Game','ggame6y@theatlantic.com','25966 Melrose Plaza','396986','85554846','1958-08-16','Yodoo','Help Desk Technician',385195,'Graeme.Game','Customer.251'),(10000251,'Justina','Collett','jcollett6z@a8.net','321 Donald Point','372058','85557128','1918-09-21','Jayo','Senior Developer',382165,'Justina.Collett','Customer.252'),(10000252,'Patrizio','Royse','proyse70@ifeng.com','185 Blackbird Alley','502973','85551476','1960-10-16','Eamia','Recruiter',110676,'Patrizio.Royse','Customer.253'),(10000253,'Nathanil','Michiel','nmichiel71@joomla.org','91 Westend Hill','368453','95550406','1975-08-18','Kamba','Assistant Professor',415834,'Nathanil.Michiel','Customer.254'),(10000254,'Roxanne','Mothersole','rmothersole72@vkontakte.ru','116 Blaine Crossing','393736','95557096','1994-06-11','Pixonyx','Programmer II',487751,'Roxanne.Mothersole','Customer.255'),(10000255,'Cos','Dohr','cdohr73@tinyurl.com','787 Del Mar Court','922911','85555160','1985-08-11','Dabtype','Structural Analysis Engineer',494387,'Cos.Dohr','Customer.256'),(10000256,'Tandy','Dellow','tdellow74@desdev.cn','00804 Haas Avenue','083974','95559838','1941-04-27','Eayo','Programmer Analyst II',125058,'Tandy.Dellow','Customer.257'),(10000257,'Keir','Caesman','kcaesman75@photobucket.com','9233 Morrow Center','808360','85559031','1961-08-10','Zoonder','Assistant Professor',361726,'Keir.Caesman','Customer.258'),(10000258,'Annabelle','Witling','awitling76@bizjournals.com','21 Dakota Lane','734349','95552477','1955-03-14','Jabbersphere','Sales Associate',313907,'Annabelle.Witling','Customer.259'),(10000259,'Tabb','Becker','tbecker77@ed.gov','939 Dryden Crossing','155686','95559058','1956-07-12','Yakijo','General Manager',416793,'Tabb.Becker','Customer.260'),(10000260,'Aleda','Ayre','aayre78@yahoo.co.jp','70 Bay Plaza','003205','85550320','1987-03-28','Skyndu','Senior Financial Analyst',419816,'Aleda.Ayre','Customer.261'),(10000261,'Alonso','Clampett','aclampett79@usatoday.com','97 Kennedy Parkway','272792','85550152','2005-11-13','Twitternation','Junior Executive',65228,'Alonso.Clampett','Customer.262'),(10000262,'Quillan','Doveston','qdoveston7a@amazon.co.jp','5983 Havey Street','016719','95550386','1951-09-04','Minyx','Business Systems Development Analyst',486231,'Quillan.Doveston','Customer.263'),(10000263,'Korrie','McTurley','kmcturley7b@goodreads.com','7 Fisk Avenue','327150','95559232','1993-07-06','Tazzy','Research Assistant III',330339,'Korrie.McTurley','Customer.264'),(10000264,'Cirstoforo','Hawkeridge','chawkeridge7c@kickstarter.com','2 Forest Road','366333','85558813','1960-12-25','Talane','VP Product Management',462250,'Cirstoforo.Hawkeridge','Customer.265'),(10000265,'Ramsay','Szepe','rszepe7d@yale.edu','4 Coleman Street','721467','85552864','1999-06-08','Skilith','Financial Advisor',287366,'Ramsay.Szepe','Customer.266'),(10000266,'Lucia','Stegell','lstegell7e@stumbleupon.com','782 Sachtjen Park','115289','85557278','1990-09-22','Oyoba','Senior Financial Analyst',243536,'Lucia.Stegell','Customer.267'),(10000267,'Genvieve','Mora','gmora7f@shutterfly.com','67 Fuller Place','447087','85556311','1985-02-20','Gigaclub','Internal Auditor',85470,'Genvieve.Mora','Customer.268'),(10000268,'Mireille','Fillis','mfillis7g@vistaprint.com','7952 Columbus Way','520356','85550453','1919-08-20','Jabbertype','Analyst Programmer',103605,'Mireille.Fillis','Customer.269'),(10000269,'Domini','De Lasci','ddelasci7h@wired.com','2255 Forster Crossing','580934','95552703','1923-01-22','Katz','Senior Quality Engineer',434052,'Domini.De Lasci','Customer.270'),(10000270,'Ive','Pulfer','ipulfer7i@zimbio.com','92465 Prentice Drive','751176','95553112','1923-11-28','Twimbo','Speech Pathologist',284433,'Ive.Pulfer','Customer.271'),(10000271,'Archer','Fairlie','afairlie7j@home.pl','11 Lakewood Court','862238','85551964','1978-07-07','Quatz','VP Product Management',397328,'Archer.Fairlie','Customer.272'),(10000272,'Thomasin','Collisson','tcollisson7k@bloomberg.com','11495 Lyons Plaza','903515','95557837','1957-11-23','Realbridge','Senior Developer',187367,'Thomasin.Collisson','Customer.273'),(10000273,'Josey','Neylon','jneylon7l@mashable.com','400 Kim Street','123354','85559844','2006-10-13','Roodel','Compensation Analyst',31697,'Josey.Neylon','Customer.274'),(10000274,'Marion','Flagg','mflagg7m@japanpost.jp','2 Tennyson Park','111236','85556271','2001-04-09','Gabtype','Research Nurse',364639,'Marion.Flagg','Customer.275'),(10000275,'Adele','Utton','autton7n@answers.com','2060 Holy Cross Junction','446291','85550623','1928-10-19','Gabtune','Analyst Programmer',339331,'Adele.Utton','Customer.276'),(10000276,'Emmanuel','Shakelade','eshakelade7o@mashable.com','7851 Autumn Leaf Avenue','287989','85550123','1981-10-31','Tavu','Administrative Officer',136419,'Emmanuel.Shakelade','Customer.277'),(10000277,'Rosabel','Agott','ragott7p@shutterfly.com','65 Sutherland Plaza','019294','95551081','1932-04-16','Realbridge','Pharmacist',310180,'Rosabel.Agott','Customer.278'),(10000278,'Marline','Perfect','mperfect7q@google.fr','57 Morning Court','195573','85550348','1920-12-04','Brainlounge','Editor',163966,'Marline.Perfect','Customer.279'),(10000279,'Nonna','Leve','nleve7r@bravesites.com','83463 Graedel Hill','593099','95551487','1980-07-14','Zoomdog','Legal Assistant',191879,'Nonna.Leve','Customer.280'),(10000280,'Esther','Goodbourn','egoodbourn7s@mozilla.org','43 Kings Road','734038','95559884','1955-01-14','Mita','Sales Representative',435260,'Esther.Goodbourn','Customer.281'),(10000281,'Carrol','Beaven','cbeaven7t@google.de','9482 Sullivan Junction','371393','85556004','2011-10-25','Blogspan','Statistician IV',187965,'Carrol.Beaven','Customer.282'),(10000282,'Raynell','Muldownie','rmuldownie7u@timesonline.co.uk','2 Lakewood Place','271291','85558184','1917-10-01','Roodel','Web Designer IV',487955,'Raynell.Muldownie','Customer.283'),(10000283,'Sharity','Slavin','sslavin7v@diigo.com','7594 Walton Court','635845','95554973','1929-04-12','Vimbo','Director of Sales',96249,'Sharity.Slavin','Customer.284'),(10000284,'Ema','Partrick','epartrick7w@cyberchimps.com','89 Village Green Way','449843','95556145','1932-06-29','Skyvu','Chemical Engineer',31819,'Ema.Partrick','Customer.285'),(10000285,'Kahaleel','Manketell','kmanketell7x@booking.com','93 Delladonna Lane','376994','85556858','1937-02-20','Eare','Assistant Professor',325504,'Kahaleel.Manketell','Customer.286'),(10000286,'Malvin','Waller-Bridge','mwallerbridge7y@photobucket.com','11 Grim Junction','679304','85558676','1940-11-08','Pixope','Research Assistant IV',182078,'Malvin.Waller-Bridge','Customer.287'),(10000287,'Gae','Lynds','glynds7z@vinaora.com','109 Village Green Circle','118812','95557145','1952-09-04','Youtags','Chemical Engineer',125475,'Gae.Lynds','Customer.288'),(10000288,'Carole','Ilive','cilive80@photobucket.com','59 Hanson Circle','198093','95551561','1999-06-05','Divavu','Marketing Assistant',30139,'Carole.Ilive','Customer.289'),(10000289,'Loralie','Trowler','ltrowler81@tumblr.com','47637 Forest Run Hill','045048','95553112','1983-06-04','Edgewire','Recruiting Manager',134261,'Loralie.Trowler','Customer.290'),(10000290,'Yorgo','Grim','ygrim82@answers.com','75 Pawling Hill','961859','95550745','1954-08-02','Roodel','Senior Developer',49403,'Yorgo.Grim','Customer.291'),(10000291,'Kamila','Rappport','krappport83@irs.gov','4479 Dryden Trail','276688','85556866','1936-01-15','Gabspot','Statistician I',195160,'Kamila.Rappport','Customer.292'),(10000292,'Rose','Walthew','rwalthew84@state.tx.us','71 Old Shore Plaza','521300','85557921','1936-11-21','Centimia','Pharmacist',347195,'Rose.Walthew','Customer.293'),(10000293,'Brigham','Collar','bcollar85@shinystat.com','2 Tomscot Center','772330','85550380','1958-08-15','Zoozzy','Quality Control Specialist',55492,'Brigham.Collar','Customer.294'),(10000294,'Arri','Rampage','arampage86@technorati.com','0 Kim Terrace','583268','95554070','2005-08-10','Jatri','Nuclear Power Engineer',383978,'Arri.Rampage','Customer.295'),(10000295,'Dianne','Godbehere','dgodbehere87@skype.com','43726 Pierstorff Plaza','119577','85558812','1957-02-15','Youbridge','Legal Assistant',418770,'Dianne.Godbehere','Customer.296'),(10000296,'Clerkclaude','Guerreru','cguerreru88@booking.com','85 Westridge Pass','123733','95552237','1913-01-06','Rooxo','VP Marketing',150961,'Clerkclaude.Guerreru','Customer.297'),(10000297,'Lanae','Queyos','lqueyos89@ihg.com','043 Derek Lane','913996','85552590','1971-06-13','Livefish','Internal Auditor',189188,'Lanae.Queyos','Customer.298'),(10000298,'Jorie','Ferry','jferry8a@squarespace.com','50 Claremont Street','340518','95551328','1943-09-09','Twimm','Automation Specialist II',492672,'Jorie.Ferry','Customer.299'),(10000299,'Gwyneth','Sabates','gsabates8b@ameblo.jp','857 Bartelt Crossing','387624','95552430','2001-01-28','Rhynoodle','Assistant Professor',411545,'Gwyneth.Sabates','Customer.300'),(10000300,'Ricky','Hedworth','rhedworth8c@wsj.com','1 Claremont Junction','881448','95557108','1956-09-24','Zoonoodle','Biostatistician I',31535,'Ricky.Hedworth','Customer.301'),(10000301,'Ringo','Lydster','rlydster8d@addtoany.com','6 Sauthoff Pass','443887','85554082','1932-03-14','Twitterbeat','Clinical Specialist',468336,'Ringo.Lydster','Customer.302'),(10000302,'Jerry','Senechault','jsenechault8e@wp.com','8 Hoepker Place','871633','85559993','2002-12-31','Skibox','Senior Editor',258261,'Jerry.Senechault','Customer.303'),(10000303,'Elsey','Gentiry','egentiry8f@princeton.edu','884 Burning Wood Plaza','430550','85552057','1965-05-04','Gabspot','VP Marketing',197928,'Elsey.Gentiry','Customer.304'),(10000304,'Adam','Samwell','asamwell8g@nyu.edu','27 Hazelcrest Road','786550','95557964','1926-09-26','Topiczoom','Geologist III',95509,'Adam.Samwell','Customer.305'),(10000305,'Alvy','Jeavon','ajeavon8h@nyu.edu','11346 Westport Crossing','342076','85554965','1919-08-02','Kazio','Quality Control Specialist',226829,'Alvy.Jeavon','Customer.306'),(10000306,'Sean','Mattack','smattack8i@friendfeed.com','2361 Kingsford Place','896331','85554460','1968-11-30','Devcast','VP Accounting',471211,'Sean.Mattack','Customer.307'),(10000307,'Nelli','Wathey','nwathey8j@nps.gov','737 Washington Pass','717946','95552687','1949-12-19','Dynava','Civil Engineer',241957,'Nelli.Wathey','Customer.308'),(10000308,'Nicoline','Olenin','nolenin8k@arstechnica.com','13190 Comanche Road','618389','85557854','1942-10-25','Kazio','Cost Accountant',262800,'Nicoline.Olenin','Customer.309'),(10000309,'Theo','Annott','tannott8l@wunderground.com','649 Bartillon Parkway','455508','95556344','2009-07-15','Quaxo','Physical Therapy Assistant',338663,'Theo.Annott','Customer.310'),(10000310,'Orbadiah','Greenstreet','ogreenstreet8m@sciencedaily.com','338 Pleasure Plaza','345706','95550916','1985-02-06','Topdrive','Operator',156089,'Orbadiah.Greenstreet','Customer.311'),(10000311,'Amory','Yashunin','ayashunin8n@amazon.com','2 Fordem Hill','186604','95551740','1961-09-03','Meezzy','GIS Technical Architect',465908,'Amory.Yashunin','Customer.312'),(10000312,'Krystal','Towell','ktowell8o@sina.com.cn','95 Dixon Terrace','600905','85557533','1995-12-23','Bubblebox','Environmental Specialist',359120,'Krystal.Towell','Customer.313'),(10000313,'Erroll','Aldie','ealdie8p@alexa.com','99 Dwight Hill','886201','85553230','1926-04-04','Zazio','VP Quality Control',448884,'Erroll.Aldie','Customer.314'),(10000314,'Leonid','Tollerfield','ltollerfield8q@uiuc.edu','528 Hazelcrest Hill','994032','95555284','1912-12-28','Flashdog','Office Assistant I',57615,'Leonid.Tollerfield','Customer.315'),(10000315,'Sheena','McGhie','smcghie8r@is.gd','1826 Sunbrook Junction','506735','95550792','1994-01-23','Linkbridge','Human Resources Manager',454668,'Sheena.McGhie','Customer.316'),(10000316,'Marji','Brash','mbrash8s@nps.gov','9580 Welch Pass','224982','95555606','2000-11-01','Yakijo','Statistician IV',37725,'Marji.Brash','Customer.317'),(10000317,'Kalina','Menlove','kmenlove8t@tinyurl.com','2 Commercial Trail','531047','95556462','1936-06-13','Leenti','Human Resources Manager',42976,'Kalina.Menlove','Customer.318'),(10000318,'Kerwin','Guilbert','kguilbert8u@gnu.org','638 Lerdahl Drive','741703','95550595','1971-11-23','Vinte','Operator',375211,'Kerwin.Guilbert','Customer.319'),(10000319,'Morgen','Ollie','mollie8v@creativecommons.org','8 Starling Point','617600','95555275','1942-06-12','Jazzy','Programmer Analyst III',293909,'Morgen.Ollie','Customer.320'),(10000320,'Tiler','Mellody','tmellody8w@yandex.ru','655 Spohn Lane','522841','95552514','1935-04-24','Fatz','Account Executive',303590,'Tiler.Mellody','Customer.321'),(10000321,'Andrei','Doig','adoig8x@ucoz.com','1 Starling Lane','194821','95559317','1958-04-04','Devpulse','Developer I',248021,'Andrei.Doig','Customer.322'),(10000322,'Nicole','Cornu','ncornu8y@wired.com','8 Duke Drive','769645','95551685','1925-05-01','Skivee','Assistant Professor',400490,'Nicole.Cornu','Customer.323'),(10000323,'Fidelia','Bairstow','fbairstow8z@house.gov','86099 Eggendart Way','438352','85552938','1963-12-22','Wordware','VP Product Management',187879,'Fidelia.Bairstow','Customer.324'),(10000324,'Horatio','Redpath','hredpath90@liveinternet.ru','5 Brown Court','119953','95559062','1957-06-11','Avavee','Environmental Tech',382757,'Horatio.Redpath','Customer.325'),(10000325,'Myles','Farlam','mfarlam91@umich.edu','0958 Barby Way','551839','85550974','2001-12-19','Realfire','Accounting Assistant IV',286840,'Myles.Farlam','Customer.326'),(10000326,'Corrine','Farmer','cfarmer92@jugem.jp','910 Main Lane','909472','95557090','2010-02-07','Shufflester','Web Designer IV',498056,'Corrine.Farmer','Customer.327'),(10000327,'Myrvyn','Darnbrook','mdarnbrook93@bloglines.com','735 Hanover Court','427129','95559981','1977-05-29','Babbleset','Desktop Support Technician',374034,'Myrvyn.Darnbrook','Customer.328'),(10000328,'Doria','O\'Brollachain','dobrollachain94@addthis.com','82000 Cottonwood Trail','137870','85557956','1994-08-10','Meejo','Help Desk Technician',293853,'Doria.O\'Brollachain','Customer.329'),(10000329,'Milt','Housaman','mhousaman95@jiathis.com','22973 Cardinal Park','671384','85556191','1933-03-07','Thoughtworks','Cost Accountant',404149,'Milt.Housaman','Customer.330'),(10000330,'Tabor','Dady','tdady96@ocn.ne.jp','1 Dakota Lane','752493','85559343','1969-01-29','Divanoodle','VP Quality Control',276011,'Tabor.Dady','Customer.331'),(10000331,'Rafi','Rentoll','rrentoll97@google.co.uk','37 Burning Wood Court','954033','85552196','1925-02-22','Abata','Food Chemist',107150,'Rafi.Rentoll','Customer.332'),(10000332,'Chrissy','Ivett','civett98@vimeo.com','789 Kennedy Crossing','182085','85556354','1927-08-26','Tambee','Technical Writer',50534,'Chrissy.Ivett','Customer.333'),(10000333,'Christin','Fabler','cfabler99@google.co.jp','343 Dexter Court','821671','95552819','2000-10-13','Edgeblab','Human Resources Manager',271410,'Christin.Fabler','Customer.334'),(10000334,'Fairfax','Abisetti','fabisetti9a@cdbaby.com','23 Reindahl Trail','416537','95557101','1968-02-22','Realfire','Environmental Tech',371952,'Fairfax.Abisetti','Customer.335'),(10000335,'Loree','McKerton','lmckerton9b@nhs.uk','78 Lerdahl Junction','586159','85553108','1937-05-21','Voonix','Staff Scientist',484456,'Loree.McKerton','Customer.336'),(10000336,'Westleigh','Mousdall','wmousdall9c@nifty.com','6047 Jana Lane','993116','85553507','1994-11-04','Realbuzz','Accountant II',365014,'Westleigh.Mousdall','Customer.337'),(10000337,'Morry','Everitt','meveritt9d@bluehost.com','81544 Calypso Way','097662','95559166','1958-04-11','Skiba','Executive Secretary',148436,'Morry.Everitt','Customer.338'),(10000338,'Fonz','Cheeseman','fcheeseman9e@a8.net','09 Graedel Circle','667987','85551184','1931-10-05','Digitube','Social Worker',393998,'Fonz.Cheeseman','Customer.339'),(10000339,'Taffy','O\'Carran','tocarran9f@chron.com','4255 Twin Pines Crossing','242659','95551341','1952-03-18','Riffwire','Administrative Assistant II',426015,'Taffy.O\'Carran','Customer.340'),(10000340,'Brad','Le Conte','bleconte9g@goodreads.com','7 Garrison Way','071506','85550361','1930-11-06','Jayo','Marketing Assistant',309182,'Brad.Le Conte','Customer.341'),(10000341,'Tallou','Bourgourd','tbourgourd9h@merriam-webster.com','9 Merrick Court','070240','95553171','1951-10-01','Twimm','Account Representative IV',205315,'Tallou.Bourgourd','Customer.342'),(10000342,'Hurley','Trundell','htrundell9i@utexas.edu','7 Clyde Gallagher Center','528047','85550054','1935-10-13','Zoomzone','Office Assistant IV',170272,'Hurley.Trundell','Customer.343'),(10000343,'Chaddy','Fairbeard','cfairbeard9j@ucsd.edu','4706 Monument Way','832258','95559526','2008-02-24','Zoovu','Geological Engineer',361431,'Chaddy.Fairbeard','Customer.344'),(10000344,'Shirleen','Korpolak','skorpolak9k@hatena.ne.jp','71607 Butterfield Park','857938','85553618','1963-10-30','Jazzy','Senior Editor',349486,'Shirleen.Korpolak','Customer.345'),(10000345,'Kirsten','Sumshon','ksumshon9l@is.gd','217 Milwaukee Way','673174','95554429','1993-10-21','Oyondu','Research Assistant III',35837,'Kirsten.Sumshon','Customer.346'),(10000346,'Valenka','Wartonby','vwartonby9m@ucoz.com','551 Menomonie Lane','018228','85557634','1981-03-27','Jabberbean','Clinical Specialist',136298,'Valenka.Wartonby','Customer.347'),(10000347,'Padriac','Feldstern','pfeldstern9n@va.gov','49 Reindahl Point','290088','95550165','1965-07-26','Aimbo','Systems Administrator I',26273,'Padriac.Feldstern','Customer.348'),(10000348,'Stanton','Hellwig','shellwig9o@yahoo.co.jp','6378 Anzinger Point','523686','85559749','2003-06-14','Bluejam','Analog Circuit Design manager',218187,'Stanton.Hellwig','Customer.349'),(10000349,'Clarette','Bromige','cbromige9p@g.co','888 Bartillon Avenue','643405','85556856','2004-12-30','Zazio','Quality Control Specialist',308300,'Clarette.Bromige','Customer.350'),(10000350,'Bert','Mayman','bmayman9q@jalbum.net','14982 Anthes Place','398761','95554870','1929-01-25','Zoomcast','Web Developer III',378108,'Bert.Mayman','Customer.351'),(10000351,'Benetta','Magowan','bmagowan9r@wordpress.com','40237 Fisk Place','441130','95553682','1989-01-04','Divape','Recruiter',271768,'Benetta.Magowan','Customer.352'),(10000352,'Bobbie','Rookwell','brookwell9s@geocities.jp','00 Marquette Point','369120','85550093','2011-03-09','Wordify','Tax Accountant',348420,'Bobbie.Rookwell','Customer.353'),(10000353,'Delmor','Rapier','drapier9t@last.fm','3 Leroy Street','642672','85559010','1986-09-17','Twitternation','Media Manager I',118389,'Delmor.Rapier','Customer.354'),(10000354,'Fidela','Kinge','fkinge9u@github.io','4925 Springs Terrace','142922','95557325','1967-03-28','Edgeblab','Nuclear Power Engineer',39451,'Fidela.Kinge','Customer.355'),(10000355,'Gradeigh','Baldung','gbaldung9v@bluehost.com','7 Nobel Pass','071419','95551386','1981-06-26','Twimm','Database Administrator IV',413968,'Gradeigh.Baldung','Customer.356'),(10000356,'Marni','Yanov','myanov9w@youku.com','44148 Londonderry Junction','764566','85556879','1964-12-19','Vidoo','Senior Developer',190143,'Marni.Yanov','Customer.357'),(10000357,'Alia','Jakaway','ajakaway9x@imdb.com','05372 Prairieview Crossing','290786','95550355','2009-04-16','Vimbo','Tax Accountant',247970,'Alia.Jakaway','Customer.358'),(10000358,'Lauryn','Yeaman','lyeaman9y@seesaa.net','32151 Canary Crossing','417338','95556102','1988-06-15','Quimba','Safety Technician IV',344548,'Lauryn.Yeaman','Customer.359'),(10000359,'Ebony','Habden','ehabden9z@seesaa.net','18 Waywood Pass','069038','95559665','1981-05-04','Thoughtbridge','Paralegal',379286,'Ebony.Habden','Customer.360'),(10000360,'Cully','Tretwell','ctretwella0@photobucket.com','875 Talmadge Park','560368','85550101','1994-03-08','Camimbo','Speech Pathologist',127395,'Cully.Tretwell','Customer.361'),(10000361,'Mabelle','Shearman','mshearmana1@illinois.edu','721 Washington Junction','600193','85557649','1930-03-17','Gabvine','Compensation Analyst',331252,'Mabelle.Shearman','Customer.362'),(10000362,'Felicle','Bette','fbettea2@ustream.tv','33314 Meadow Vale Park','395679','85552472','1935-06-12','Yambee','Research Assistant I',480577,'Felicle.Bette','Customer.363'),(10000363,'Mariska','Canet','mcaneta3@prnewswire.com','19138 Bay Hill','806876','85555511','1969-06-19','Fadeo','Senior Financial Analyst',327000,'Mariska.Canet','Customer.364'),(10000364,'Osborn','Cohalan','ocohalana4@soundcloud.com','38426 Linden Center','689814','85555768','1959-06-13','Divanoodle','Graphic Designer',76674,'Osborn.Cohalan','Customer.365'),(10000365,'Frankie','Dureden','fduredena5@taobao.com','0147 Bobwhite Drive','865405','85552786','1919-11-27','Yadel','Director of Sales',493343,'Frankie.Dureden','Customer.366'),(10000366,'Trstram','Greed','tgreeda6@wikimedia.org','6 Gateway Way','135695','95555123','1995-06-26','Chatterpoint','Safety Technician II',411059,'Trstram.Greed','Customer.367'),(10000367,'Roz','Brunet','rbruneta7@psu.edu','399 American Circle','664534','95550093','1915-12-27','Tavu','Research Associate',437157,'Roz.Brunet','Customer.368'),(10000368,'Ainslie','Letten','alettena8@wp.com','6 Hallows Drive','505635','85553497','1958-07-25','Dynazzy','Geologist IV',82378,'Ainslie.Letten','Customer.369'),(10000369,'Kylila','Czaple','kczaplea9@prweb.com','97768 Clove Way','672963','85552830','1996-09-25','Skyndu','Assistant Manager',363625,'Kylila.Czaple','Customer.370'),(10000370,'Halsy','MacAnelley','hmacanelleyaa@marketwatch.com','7761 Continental Road','114646','95552967','1989-07-30','Talane','Biostatistician III',298151,'Halsy.MacAnelley','Customer.371'),(10000371,'Teddy','Gozney','tgozneyab@edublogs.org','86 Myrtle Street','741274','85559254','1945-05-04','Browsedrive','Accounting Assistant II',220357,'Teddy.Gozney','Customer.372'),(10000372,'Mark','Glencorse','mglencorseac@yellowbook.com','1917 Dixon Road','756235','85552294','1926-01-18','Youbridge','Quality Control Specialist',88942,'Mark.Glencorse','Customer.373'),(10000373,'Marijo','Winteringham','mwinteringhamad@state.gov','386 Rockefeller Street','138689','95552367','1931-03-24','Izio','Chemical Engineer',415386,'Marijo.Winteringham','Customer.374'),(10000374,'Else','Scantleberry','escantleberryae@comsenz.com','55804 Sloan Alley','042354','85552615','1964-07-23','Photofeed','Actuary',218261,'Else.Scantleberry','Customer.375'),(10000375,'Ruddy','Aldred','raldredaf@google.co.uk','9 Briar Crest Street','858445','95553325','1978-02-26','Realmix','Web Developer II',168403,'Ruddy.Aldred','Customer.376'),(10000376,'Deonne','Godridge','dgodridgeag@dagondesign.com','4094 Washington Road','177966','95551680','1969-01-21','Skyvu','Budget/Accounting Analyst IV',293345,'Deonne.Godridge','Customer.377'),(10000377,'Pierre','Mooreed','pmooreedah@fema.gov','4129 Merry Crossing','778700','85558793','1970-03-25','Demizz','Librarian',306388,'Pierre.Mooreed','Customer.378'),(10000378,'Dyane','Shimmings','dshimmingsai@chronoengine.com','92 Bunker Hill Crossing','246870','95553943','2009-01-08','Yakidoo','Graphic Designer',183780,'Dyane.Shimmings','Customer.379'),(10000379,'Farrah','Iseton','fisetonaj@java.com','4 Esch Parkway','715139','95558467','1940-02-01','Oyondu','Occupational Therapist',262332,'Farrah.Iseton','Customer.380'),(10000380,'Eduard','Remer','eremerak@rambler.ru','207 Tony Plaza','176394','85552385','1948-12-28','Aimbu','Dental Hygienist',406106,'Eduard.Remer','Customer.381'),(10000381,'Kayne','Camilletti','kcamillettial@barnesandnoble.com','236 Ryan Point','652265','95555876','2005-05-30','Thoughtbeat','Environmental Tech',404707,'Kayne.Camilletti','Customer.382'),(10000382,'Darsie','Hastler','dhastleram@npr.org','5625 Mendota Point','329276','95557971','1991-11-14','Demivee','Analyst Programmer',152901,'Darsie.Hastler','Customer.383'),(10000383,'Isadora','Neller','inelleran@altervista.org','29 Colorado Place','051904','85550202','1916-01-30','Trunyx','Social Worker',219974,'Isadora.Neller','Customer.384'),(10000384,'Geno','Epperson','geppersonao@themeforest.net','07 Tennessee Crossing','292042','95553782','1978-10-03','Youtags','Dental Hygienist',467403,'Geno.Epperson','Customer.385'),(10000385,'Kiley','Swin','kswinap@netscape.com','0460 Lakeland Center','956039','85552034','1960-09-29','Linktype','Assistant Professor',492496,'Kiley.Swin','Customer.386'),(10000386,'Vida','Lazell','vlazellaq@amazonaws.com','74038 Logan Trail','818060','95552498','1987-05-28','Livetube','Account Representative II',415573,'Vida.Lazell','Customer.387'),(10000387,'Phoebe','Braisher','pbraisherar@mozilla.com','66933 Muir Trail','060428','95557071','2005-05-05','Gevee','Internal Auditor',200363,'Phoebe.Braisher','Customer.388'),(10000388,'Mathian','Warlaw','mwarlawas@printfriendly.com','05 Clarendon Lane','815345','95558906','1935-09-26','Skimia','Computer Systems Analyst II',281707,'Mathian.Warlaw','Customer.389'),(10000389,'Pauli','Dundridge','pdundridgeat@discuz.net','5297 La Follette Circle','129492','95553912','1912-01-05','Jayo','Safety Technician III',105237,'Pauli.Dundridge','Customer.390'),(10000390,'Vinson','Boatwright','vboatwrightau@imdb.com','0 Holmberg Road','223400','85552691','1998-01-31','Jabbersphere','Data Coordiator',55079,'Vinson.Boatwright','Customer.391'),(10000391,'Roch','Lints','rlintsav@marriott.com','49960 Caliangt Trail','112203','95558397','1994-11-15','Skipstorm','Internal Auditor',318668,'Roch.Lints','Customer.392'),(10000392,'Theadora','Napper','tnapperaw@joomla.org','4012 Granby Park','092666','85556522','1980-01-27','Shuffletag','Analyst Programmer',58207,'Theadora.Napper','Customer.393'),(10000393,'Remington','Bignold','rbignoldax@issuu.com','18010 Nelson Circle','024731','85550390','1971-07-31','Photofeed','Account Executive',466088,'Remington.Bignold','Customer.394'),(10000394,'Filia','Raxworthy','fraxworthyay@amazonaws.com','90 Di Loreto Plaza','486865','85558287','1935-12-01','Oba','Structural Analysis Engineer',226896,'Filia.Raxworthy','Customer.395'),(10000395,'Luca','O\'Cuddie','locuddieaz@e-recht24.de','2612 Sutherland Road','915761','95552337','1971-03-11','Topdrive','Senior Developer',46028,'Luca.O\'Cuddie','Customer.396'),(10000396,'Dolf','Daoust','ddaoustb0@parallels.com','456 Bunting Court','820827','85559755','1978-07-11','Zazio','Nurse',172054,'Dolf.Daoust','Customer.397'),(10000397,'Filia','Scrase','fscraseb1@example.com','4 Gerald Point','031322','95558351','1934-05-22','Meevee','Internal Auditor',155929,'Filia.Scrase','Customer.398'),(10000398,'Jammie','Greenmon','jgreenmonb2@xing.com','1303 Nancy Way','080275','95558289','1963-06-02','Jabbersphere','Quality Control Specialist',447363,'Jammie.Greenmon','Customer.399'),(10000399,'Thomasine','Valencia','tvalenciab3@altervista.org','6337 Schlimgen Junction','801193','95559784','1938-07-12','Flashset','Financial Analyst',317257,'Thomasine.Valencia','Customer.400'),(10000400,'Ediva','Edgcumbe','eedgcumbeb4@ezinearticles.com','1 Mifflin Terrace','005619','85556489','1985-11-08','Roombo','Mechanical Systems Engineer',107670,'Ediva.Edgcumbe','Customer.401'),(10000401,'Elbertine','Dailly','edaillyb5@usatoday.com','452 Milwaukee Drive','774752','95557064','1943-02-07','Jamia','Physical Therapy Assistant',220785,'Elbertine.Dailly','Customer.402'),(10000402,'Neille','Edgell','nedgellb6@freewebs.com','3778 Dakota Avenue','621028','95559114','1930-03-14','Browsetype','Accountant III',356193,'Neille.Edgell','Customer.403'),(10000403,'Izzy','Bockings','ibockingsb7@wikimedia.org','48941 7th Court','744799','85558534','1931-02-27','Gevee','Staff Scientist',106824,'Izzy.Bockings','Customer.404'),(10000404,'Julieta','Masey','jmaseyb8@sourceforge.net','81193 Maywood Court','434148','85556366','1962-03-04','Abata','Account Executive',333079,'Julieta.Masey','Customer.405'),(10000405,'Lyman','Rist','lristb9@biglobe.ne.jp','49922 Stoughton Terrace','471509','95557055','1954-07-19','Eabox','Librarian',94500,'Lyman.Rist','Customer.406'),(10000406,'Hersch','Cuttle','hcuttleba@feedburner.com','4277 Dakota Terrace','890142','95553717','1941-04-06','Rhycero','Safety Technician II',353459,'Hersch.Cuttle','Customer.407'),(10000407,'Auguste','Cleve','aclevebb@comsenz.com','56911 Union Trail','972127','95556780','1917-08-15','Dynabox','Financial Analyst',403958,'Auguste.Cleve','Customer.408'),(10000408,'Zorine','Lockery','zlockerybc@sakura.ne.jp','83 Kinsman Junction','738710','85552656','2005-11-16','Chatterpoint','Internal Auditor',199966,'Zorine.Lockery','Customer.409'),(10000409,'Barbara','Cardenosa','bcardenosabd@cam.ac.uk','44 Nancy Lane','466601','95557809','1937-05-06','Wikibox','Associate Professor',280465,'Barbara.Cardenosa','Customer.410'),(10000410,'Charlot','Vondracek','cvondracekbe@simplemachines.org','85 Petterle Street','020177','95553668','1991-05-12','Photobug','Marketing Assistant',43609,'Charlot.Vondracek','Customer.411'),(10000411,'Gustavus','Cains','gcainsbf@squarespace.com','7130 Gerald Terrace','841281','95558366','1967-11-05','Mydo','Research Assistant I',150434,'Gustavus.Cains','Customer.412'),(10000412,'Izak','Wallbanks','iwallbanksbg@ftc.gov','3 Burrows Crossing','272051','95559304','1927-01-10','Zoomlounge','Registered Nurse',343008,'Izak.Wallbanks','Customer.413'),(10000413,'Shellie','Jolliss','sjollissbh@cornell.edu','7498 Kennedy Lane','467008','95554647','1970-07-04','Abatz','Senior Quality Engineer',332472,'Shellie.Jolliss','Customer.414'),(10000414,'Leroy','Branchett','lbranchettbi@washingtonpost.com','989 Dovetail Circle','072145','95559497','1967-11-26','Flashdog','Quality Engineer',287317,'Leroy.Branchett','Customer.415'),(10000415,'Avrit','Lovelady','aloveladybj@woothemes.com','54 Goodland Plaza','009865','95551718','2005-11-29','Quaxo','Junior Executive',267032,'Avrit.Lovelady','Customer.416'),(10000416,'Merla','Buckthorp','mbuckthorpbk@reference.com','994 6th Court','213037','85555835','2004-10-21','Blogtags','Tax Accountant',373407,'Merla.Buckthorp','Customer.417'),(10000417,'Saw','Fenkel','sfenkelbl@example.com','62024 Ludington Lane','832972','85553024','1957-01-04','Trudeo','Technical Writer',366629,'Saw.Fenkel','Customer.418'),(10000418,'Sheelagh','Linnemann','slinnemannbm@360.cn','71 Coolidge Hill','402839','85555421','1924-01-18','Kanoodle','General Manager',411393,'Sheelagh.Linnemann','Customer.419'),(10000419,'Nerty','Uden','nudenbn@google.com.br','3390 Ridgeview Street','007959','85551061','1929-08-04','Flipopia','Tax Accountant',55594,'Nerty.Uden','Customer.420'),(10000420,'Flory','Robeson','frobesonbo@google.co.uk','13537 Kings Court','313001','95556929','1961-11-14','Yambee','Engineer III',244331,'Flory.Robeson','Customer.421'),(10000421,'Sloan','Bagster','sbagsterbp@mediafire.com','67 Parkside Street','455979','95557102','1915-04-29','Skinte','Operator',69990,'Sloan.Bagster','Customer.422'),(10000422,'Merilyn','De Bruijne','mdebruijnebq@paginegialle.it','217 Bobwhite Center','402922','95554699','1937-03-20','Zooveo','Software Consultant',266391,'Merilyn.De Bruijne','Customer.423'),(10000423,'Billy','Brimmacombe','bbrimmacombebr@xinhuanet.com','96 Schlimgen Trail','247448','95558808','2005-05-13','Topicstorm','Account Coordinator',280959,'Billy.Brimmacombe','Customer.424'),(10000424,'Haleigh','Rash','hrashbs@creativecommons.org','5421 Manley Center','619237','85556672','1973-03-11','Zoonoodle','Staff Accountant III',45354,'Haleigh.Rash','Customer.425'),(10000425,'Thaine','Ruggs','truggsbt@ehow.com','88725 Lakewood Hill','299002','95553700','2001-06-17','Skalith','Actuary',251391,'Thaine.Ruggs','Customer.426'),(10000426,'Eyde','Ackery','eackerybu@icio.us','6524 Fremont Lane','064797','95558970','1935-02-04','Zoomzone','Nurse',405264,'Eyde.Ackery','Customer.427'),(10000427,'Danika','Elcome','delcomebv@com.com','10514 Linden Park','219812','95550460','1959-06-02','Voonix','Senior Financial Analyst',368176,'Danika.Elcome','Customer.428'),(10000428,'Coretta','Heady','cheadybw@engadget.com','21 Evergreen Pass','249695','85552014','1992-07-07','Cogibox','Compensation Analyst',318225,'Coretta.Heady','Customer.429'),(10000429,'Sue','Raysdale','sraysdalebx@latimes.com','98493 Sherman Plaza','538746','95556179','1970-01-25','Bluejam','Graphic Designer',400970,'Sue.Raysdale','Customer.430'),(10000430,'Celine','Ricco','criccoby@zimbio.com','27 Troy Point','027486','85550871','1991-10-14','Trilia','Payment Adjustment Coordinator',347145,'Celine.Ricco','Customer.431'),(10000431,'Marti','O\'Donoghue','modonoghuebz@sitemeter.com','95 Ridgeway Court','562793','95551484','1998-07-13','Centidel','Director of Sales',378940,'Marti.O\'Donoghue','Customer.432'),(10000432,'Dniren','Folk','dfolkc0@lulu.com','2234 Superior Park','399600','95553407','1995-09-11','Quire','Statistician III',40882,'Dniren.Folk','Customer.433'),(10000433,'Frederick','Ferrettino','fferrettinoc1@rediff.com','10482 Express Park','000395','95551910','1993-01-03','Vimbo','Social Worker',324032,'Frederick.Ferrettino','Customer.434'),(10000434,'Gunar','Holton','gholtonc2@elpais.com','5929 Gateway Center','657801','85557234','2003-07-14','Blogtag','Senior Sales Associate',213626,'Gunar.Holton','Customer.435'),(10000435,'Perice','Carnock','pcarnockc3@hhs.gov','16611 Grayhawk Park','408098','85553964','1996-01-21','Zoombox','Social Worker',388011,'Perice.Carnock','Customer.436'),(10000436,'Averill','McVeigh','amcveighc4@nasa.gov','66189 Badeau Junction','772115','95550188','1955-03-01','Quamba','Statistician I',86538,'Averill.McVeigh','Customer.437'),(10000437,'Ashia','Ledward','aledwardc5@samsung.com','7672 Straubel Place','682603','85550786','1971-01-03','Kimia','Clinical Specialist',481778,'Ashia.Ledward','Customer.438'),(10000438,'Merralee','Ferrieri','mferrieric6@aboutads.info','08 Shasta Parkway','985503','95555132','1931-06-09','Devify','Media Manager IV',414516,'Merralee.Ferrieri','Customer.439'),(10000439,'Melicent','Sowley','msowleyc7@state.tx.us','1942 Saint Paul Parkway','008313','95557671','2004-01-13','Talane','Nurse',139008,'Melicent.Sowley','Customer.440'),(10000440,'Babbette','Jayme','bjaymec8@europa.eu','357 American Point','518606','95552805','1912-10-18','Skynoodle','Senior Cost Accountant',491198,'Babbette.Jayme','Customer.441'),(10000441,'Abbot','Wansbury','awansburyc9@harvard.edu','22033 Hovde Court','062089','85557147','1948-09-25','Oyoyo','Senior Quality Engineer',421017,'Abbot.Wansbury','Customer.442'),(10000442,'Bobbe','Currell','bcurrellca@dailymail.co.uk','07731 Clyde Gallagher Circle','344808','95553426','1932-06-13','Jaloo','Structural Engineer',339625,'Bobbe.Currell','Customer.443'),(10000443,'Tuesday','Bescoby','tbescobycb@networksolutions.com','885 Dahle Way','121685','85551801','1932-06-13','Flashspan','VP Sales',46983,'Tuesday.Bescoby','Customer.444'),(10000444,'Janek','Swannack','jswannackcc@skype.com','71 Maple Wood Park','724392','95556119','1936-07-15','Edgeify','Analyst Programmer',172617,'Janek.Swannack','Customer.445'),(10000445,'Georgi','Cosgriff','gcosgriffcd@blogs.com','3 Ridgeview Terrace','398712','95556588','1988-09-30','Tekfly','Systems Administrator II',78729,'Georgi.Cosgriff','Customer.446'),(10000446,'Andromache','Prudham','aprudhamce@fotki.com','4704 Sachtjen Way','720111','95559257','1984-12-01','Thoughtmix','Research Nurse',464650,'Andromache.Prudham','Customer.447'),(10000447,'Skyler','Wilkins','swilkinscf@umich.edu','44 Anthes Plaza','376324','95550565','1951-11-15','Viva','Accountant IV',34965,'Skyler.Wilkins','Customer.448'),(10000448,'Garvin','Bene','gbenecg@time.com','4337 Di Loreto Parkway','484608','85552008','1941-03-17','Skibox','Editor',341692,'Garvin.Bene','Customer.449'),(10000449,'Artemis','Roache','aroachech@imageshack.us','21 Kipling Street','958251','85556494','1926-06-05','Bluezoom','Office Assistant IV',396226,'Artemis.Roache','Customer.450'),(10000450,'Wyatan','Tubridy','wtubridyci@house.gov','8 Anzinger Trail','741240','85558039','1975-11-09','Wikizz','Professor',466964,'Wyatan.Tubridy','Customer.451'),(10000451,'Angelle','Perford','aperfordcj@hexun.com','0 Elka Street','385946','85556534','1954-08-04','Rhyzio','Recruiter',259433,'Angelle.Perford','Customer.452'),(10000452,'Kiley','Wyness','kwynessck@symantec.com','8 Charing Cross Crossing','239915','95553988','1965-08-17','Quimm','Environmental Specialist',262681,'Kiley.Wyness','Customer.453'),(10000453,'Byram','Fleury','bfleurycl@ameblo.jp','1971 Miller Lane','095087','95554247','1922-08-29','Flashspan','Occupational Therapist',402838,'Byram.Fleury','Customer.454'),(10000454,'Babs','Poynser','bpoynsercm@mlb.com','57 Sauthoff Court','171042','95551701','1942-12-16','Edgepulse','Professor',160959,'Babs.Poynser','Customer.455'),(10000455,'Livy','McPhillips','lmcphillipscn@chron.com','38 Nevada Terrace','978227','95557987','2001-10-25','Vimbo','Nurse',150663,'Livy.McPhillips','Customer.456'),(10000456,'Donavon','Ackroyd','dackroydco@army.mil','554 Petterle Park','906634','95550953','1975-12-26','Skimia','Project Manager',461369,'Donavon.Ackroyd','Customer.457'),(10000457,'Barri','MacGowan','bmacgowancp@google.de','4 East Park','653740','95550394','1980-02-18','Skipstorm','Sales Representative',239140,'Barri.MacGowan','Customer.458'),(10000458,'Frederico','Van der Linde','fvanderlindecq@utexas.edu','6710 Crowley Avenue','358016','95553693','1972-02-18','Thoughtbeat','Office Assistant III',275650,'Frederico.Van der Linde','Customer.459'),(10000459,'Dyane','Thrussell','dthrussellcr@utexas.edu','9 Green Parkway','319499','95550456','1938-08-30','Wordify','Research Nurse',137871,'Dyane.Thrussell','Customer.460'),(10000460,'Beitris','Ricciardi','bricciardics@washington.edu','658 Mandrake Center','575006','95555062','1930-10-24','Yoveo','Quality Engineer',312141,'Beitris.Ricciardi','Customer.461'),(10000461,'Babita','Arnull','barnullct@deliciousdays.com','839 Forster Court','415930','85555094','1955-07-25','Demimbu','Automation Specialist IV',252860,'Babita.Arnull','Customer.462'),(10000462,'Elia','Domenge','edomengecu@nyu.edu','14 Schmedeman Lane','934031','85551703','1975-09-08','Gigaclub','General Manager',424739,'Elia.Domenge','Customer.463'),(10000463,'Gerald','Barton','gbartoncv@ted.com','1 Union Plaza','342862','85554213','1965-02-04','Fivechat','Administrative Officer',207499,'Gerald.Barton','Customer.464'),(10000464,'Joelynn','Pele','jpelecw@miitbeian.gov.cn','66065 Crest Line Alley','367145','85556796','1957-06-19','Aimbo','Financial Analyst',243693,'Joelynn.Pele','Customer.465'),(10000465,'Elisha','Gudyer','egudyercx@mail.ru','081 Ronald Regan Way','676569','85553469','1931-03-09','Gabcube','Desktop Support Technician',186679,'Elisha.Gudyer','Customer.466'),(10000466,'Gibbie','Hazley','ghazleycy@cbslocal.com','7 Summer Ridge Trail','602911','95550508','1952-10-29','Flashset','Environmental Specialist',494841,'Gibbie.Hazley','Customer.467'),(10000467,'Buiron','Willans','bwillanscz@alexa.com','18 Nobel Hill','461147','95552402','1938-07-31','Kwilith','Food Chemist',39220,'Buiron.Willans','Customer.468'),(10000468,'Caspar','Stollenhof','cstollenhofd0@cbc.ca','1669 Namekagon Trail','937821','85556934','1969-02-24','Topiczoom','Electrical Engineer',404783,'Caspar.Stollenhof','Customer.469'),(10000469,'Quintus','Ramshaw','qramshawd1@reuters.com','8960 Portage Avenue','542063','85550101','2004-05-31','Youopia','GIS Technical Architect',57718,'Quintus.Ramshaw','Customer.470'),(10000470,'Pincas','Standage','pstandaged2@squarespace.com','9 Farmco Street','439024','85559601','1965-10-04','Shuffletag','Compensation Analyst',205374,'Pincas.Standage','Customer.471'),(10000471,'Gregory','Dyet','gdyetd3@altervista.org','44590 Dixon Road','793336','95557613','1954-03-31','Yozio','Assistant Manager',319889,'Gregory.Dyet','Customer.472'),(10000472,'Warner','De Bell','wdebelld4@aboutads.info','89 Nelson Hill','619624','85559482','1962-07-06','Skiba','Operator',212081,'Warner.De Bell','Customer.473'),(10000473,'Kali','Mosten','kmostend5@phoca.cz','46 Saint Paul Parkway','444855','85558864','1961-07-11','JumpXS','Administrative Assistant II',461236,'Kali.Mosten','Customer.474'),(10000474,'Alano','Norman','anormand6@ocn.ne.jp','4 Derek Hill','905732','85559479','1958-02-05','Podcat','Speech Pathologist',447887,'Alano.Norman','Customer.475'),(10000475,'Andonis','Houten','ahoutend7@ca.gov','0 Redwing Center','982971','95559972','1988-01-11','Jabberbean','Graphic Designer',380539,'Andonis.Houten','Customer.476'),(10000476,'Eddy','Vasler','evaslerd8@de.vu','78276 Victoria Crossing','286724','95552108','1937-11-19','Edgeify','Help Desk Operator',74642,'Eddy.Vasler','Customer.477'),(10000477,'Terra','Romney','tromneyd9@microsoft.com','7 Meadow Vale Drive','790682','85553900','1914-11-13','Eamia','Food Chemist',180179,'Terra.Romney','Customer.478'),(10000478,'Beitris','Zanassi','bzanassida@ca.gov','9 Garrison Terrace','830837','85557171','1965-05-17','Realcube','Automation Specialist II',64719,'Beitris.Zanassi','Customer.479'),(10000479,'Arlinda','McDool','amcdooldb@cbslocal.com','880 Carberry Pass','932590','85555188','1922-05-10','Tanoodle','Human Resources Manager',202561,'Arlinda.McDool','Customer.480'),(10000480,'Ardene','Steade','asteadedc@github.com','3 Melvin Crossing','185781','85558515','2007-09-29','Innojam','Recruiter',287654,'Ardene.Steade','Customer.481'),(10000481,'Salomone','Aitken','saitkendd@geocities.com','4 Porter Avenue','559784','85551320','1962-10-26','Devcast','Research Associate',321231,'Salomone.Aitken','Customer.482'),(10000482,'Kerry','Bullon','kbullonde@loc.gov','5406 East Crossing','605473','85556009','1919-01-20','Edgewire','Web Developer II',498053,'Kerry.Bullon','Customer.483'),(10000483,'Moreen','Reckless','mrecklessdf@cnet.com','63252 Columbus Pass','929954','85556743','1973-02-17','Einti','Nurse Practicioner',54854,'Moreen.Reckless','Customer.484'),(10000484,'Nevil','Fellows','nfellowsdg@mit.edu','143 Emmet Road','417006','95553667','1944-07-28','Livetube','Pharmacist',233359,'Nevil.Fellows','Customer.485'),(10000485,'Edwina','Trett','etrettdh@wufoo.com','0 Sullivan Street','754002','95556316','1919-01-08','Buzzbean','Physical Therapy Assistant',435829,'Edwina.Trett','Customer.486'),(10000486,'Tades','Eslie','tesliedi@livejournal.com','037 Becker Terrace','415082','95559601','1938-04-26','Quire','Accountant III',287920,'Tades.Eslie','Customer.487'),(10000487,'Ross','Roon','rroondj@g.co','2246 Moland Point','968549','95550505','1951-02-28','InnoZ','Analyst Programmer',344055,'Ross.Roon','Customer.488'),(10000488,'Margaret','Bride','mbridedk@nymag.com','4 Glendale Hill','849886','85556028','1962-06-20','Jabbercube','Product Engineer',481405,'Margaret.Bride','Customer.489'),(10000489,'Olympe','Eggle','oeggledl@census.gov','069 Menomonie Hill','603538','95558368','1946-09-23','Tekfly','Database Administrator I',90375,'Olympe.Eggle','Customer.490'),(10000490,'Kaleena','Waistall','kwaistalldm@ucoz.com','90892 Hansons Road','325917','85551089','1981-09-16','Riffpedia','Nurse Practicioner',356357,'Kaleena.Waistall','Customer.491'),(10000491,'Valentino','Jaksic','vjaksicdn@joomla.org','537 Hermina Plaza','555668','85552675','1936-07-30','Gabspot','Financial Advisor',69211,'Valentino.Jaksic','Customer.492'),(10000492,'Gaylord','Chappel','gchappeldo@nature.com','2159 Declaration Park','906527','95555756','1915-02-14','Tagpad','Mechanical Systems Engineer',142333,'Gaylord.Chappel','Customer.493'),(10000493,'Othelia','Trodd','otrodddp@last.fm','369 Helena Parkway','103794','95556364','1987-03-22','Plambee','Pharmacist',349829,'Othelia.Trodd','Customer.494'),(10000494,'Iago','Monckton','imoncktondq@soup.io','62072 Kings Crossing','205404','85556617','1972-03-11','Rhynoodle','Actuary',339616,'Iago.Monckton','Customer.495'),(10000495,'Luis','Librey','llibreydr@tiny.cc','50 Hansons Junction','899470','95551355','1940-07-27','Plambee','Teacher',76868,'Luis.Librey','Customer.496'),(10000496,'Teddy','Dymocke','tdymockeds@addtoany.com','05912 Hoepker Circle','240546','95554174','1919-03-27','Shuffletag','Director of Sales',209133,'Teddy.Dymocke','Customer.497'),(10000497,'Gwenora','Carass','gcarassdt@seattletimes.com','95769 Oak Valley Point','458204','85555606','2004-04-14','Eare','Speech Pathologist',365437,'Gwenora.Carass','Customer.498'),(10000498,'Sylvia','Sodor','ssodordu@netscape.com','21271 Riverside Crossing','294344','85554650','1928-09-14','Nlounge','Director of Sales',89458,'Sylvia.Sodor','Customer.499'),(10000499,'Georg','Gheorghie','ggheorghiedv@a8.net','83185 Straubel Plaza','685631','85551927','1938-05-27','Realcube','Compensation Analyst',366825,'Georg.Gheorghie','Customer.500'),(10000500,'Magdalene','Duro','mdurodw@vimeo.com','160 Doe Crossing Place','897893','85558612','1936-11-23','Buzzshare','Food Chemist',211833,'Magdalene.Duro','Customer.501'),(10000501,'Devland','Longhirst','dlonghirstdx@exblog.jp','0 Scott Pass','828317','85554559','2001-12-20','Viva','Geologist I',350322,'Devland.Longhirst','Customer.502'),(10000502,'Rolfe','Sneaker','rsneakerdy@squidoo.com','922 Walton Crossing','913468','85553519','1952-12-19','Izio','Senior Quality Engineer',390977,'Rolfe.Sneaker','Customer.503'),(10000503,'Petra','Peracco','pperaccodz@ameblo.jp','3 Mallory Plaza','232722','85559451','1914-11-09','Dabtype','Computer Systems Analyst II',492976,'Petra.Peracco','Customer.504'),(10000504,'Odell','Skett','oskette0@blogs.com','30424 Toban Plaza','804016','95551877','1975-08-06','Topiczoom','Actuary',74163,'Odell.Skett','Customer.505'),(10000505,'Anneliese','De Ortega','adeortegae1@liveinternet.ru','400 Laurel Alley','027579','95557053','1916-12-02','Topicstorm','Programmer Analyst IV',272905,'Anneliese.De Ortega','Customer.506'),(10000506,'Luz','Harkins','lharkinse2@pbs.org','06839 Thompson Park','124863','95550012','2008-01-19','Mynte','Teacher',383369,'Luz.Harkins','Customer.507'),(10000507,'Adina','Huison','ahuisone3@cmu.edu','4318 Coolidge Road','662464','85557140','1963-03-09','Gabcube','Paralegal',217621,'Adina.Huison','Customer.508'),(10000508,'Elita','Senogles','esenoglese4@ftc.gov','3 Warbler Alley','903910','95557432','1985-12-15','Snaptags','Systems Administrator III',235532,'Elita.Senogles','Customer.509'),(10000509,'Lenard','Spoors','lspoorse5@who.int','4180 Cody Junction','914477','85556196','1913-10-16','Dablist','Financial Advisor',295532,'Lenard.Spoors','Customer.510'),(10000510,'Minda','Tree','mtreee6@independent.co.uk','6093 Crescent Oaks Center','598038','95554226','1947-07-23','Quamba','Speech Pathologist',75020,'Minda.Tree','Customer.511'),(10000511,'Gussie','Thiolier','gthioliere7@mediafire.com','1 School Lane','122880','85554512','1963-08-23','Trudeo','Accountant I',439526,'Gussie.Thiolier','Customer.512'),(10000512,'Kerrill','Bagehot','kbagehote8@1und1.de','07 Namekagon Park','440934','95554929','1972-08-14','Layo','Associate Professor',67395,'Kerrill.Bagehot','Customer.513'),(10000513,'Manny','Woolen','mwoolene9@ameblo.jp','2766 Beilfuss Park','189421','85552373','2008-02-10','Yoveo','Paralegal',451689,'Manny.Woolen','Customer.514'),(10000514,'Fleurette','Ladyman','fladymanea@godaddy.com','9888 Hansons Place','077801','95557362','1930-02-04','Pixonyx','Librarian',487999,'Fleurette.Ladyman','Customer.515'),(10000515,'Percy','Hagergham','phagerghameb@vkontakte.ru','7519 Dunning Avenue','671857','85552564','1919-10-07','Quamba','Safety Technician II',28297,'Percy.Hagergham','Customer.516'),(10000516,'Rolando','Tarbatt','rtarbattec@sfgate.com','4975 Kim Junction','227557','95555485','2011-03-16','Devshare','Desktop Support Technician',337088,'Rolando.Tarbatt','Customer.517'),(10000517,'Caressa','McGillreich','cmcgillreiched@cloudflare.com','8520 Lake View Alley','942432','85551474','1990-09-24','Meemm','Account Representative I',474337,'Caressa.McGillreich','Customer.518'),(10000518,'Dosi','Pymer','dpymeree@mac.com','6798 Petterle Alley','272456','85559549','1948-02-01','Jabbersphere','Sales Representative',479396,'Dosi.Pymer','Customer.519'),(10000519,'Steffi','Skoof','sskoofef@hc360.com','0075 Melby Court','363970','85556421','1978-09-11','Yoveo','Senior Cost Accountant',94130,'Steffi.Skoof','Customer.520'),(10000520,'Florina','Hyndes','fhyndeseg@cbsnews.com','864 Muir Road','421773','85552837','1975-12-31','Jaxnation','Help Desk Operator',448220,'Florina.Hyndes','Customer.521'),(10000521,'Emeline','Chomicz','echomiczeh@nifty.com','3616 Meadow Vale Avenue','949145','95551393','1914-11-23','Cogidoo','Physical Therapy Assistant',346806,'Emeline.Chomicz','Customer.522'),(10000522,'Genvieve','Ducrow','gducrowei@acquirethisname.com','2 Debra Court','728469','85555042','1930-05-09','Fivechat','Chief Design Engineer',394895,'Genvieve.Ducrow','Customer.523'),(10000523,'Clare','Middlemass','cmiddlemassej@odnoklassniki.ru','53 Rieder Park','036208','85551420','1931-05-17','Flashdog','Teacher',173221,'Clare.Middlemass','Customer.524'),(10000524,'Reamonn','Mc Trusty','rmctrustyek@mysql.com','40746 Declaration Pass','353751','85555859','2002-05-27','Realpoint','Project Manager',87218,'Reamonn.Mc Trusty','Customer.525'),(10000525,'Kristo','Matlock','kmatlockel@wired.com','2 Sauthoff Trail','765684','85555954','2011-02-12','Feednation','Sales Representative',159113,'Kristo.Matlock','Customer.526'),(10000526,'Tremayne','Colquitt','tcolquittem@pinterest.com','3049 Canary Hill','339436','95558001','1974-02-13','Edgewire','Director of Sales',73675,'Tremayne.Colquitt','Customer.527'),(10000527,'Coletta','Bluett','cbluetten@amazon.com','54 Sullivan Trail','585125','95557581','1948-12-07','Divape','Nurse',361715,'Coletta.Bluett','Customer.528'),(10000528,'Ronald','Blaisdell','rblaisdelleo@berkeley.edu','1871 Lunder Pass','505539','85555444','1937-11-27','Flipbug','Compensation Analyst',230438,'Ronald.Blaisdell','Customer.529'),(10000529,'Alidia','Norcop','anorcopep@admin.ch','32790 Maple Wood Lane','570923','85558941','1923-01-20','Blogspan','Software Engineer I',147918,'Alidia.Norcop','Customer.530'),(10000530,'Diann','Chantrell','dchantrelleq@tripadvisor.com','566 Kropf Court','468362','85556747','1986-12-30','Skimia','Software Test Engineer I',369090,'Diann.Chantrell','Customer.531'),(10000531,'Robinson','Sevior','rseviorer@devhub.com','77772 Bartillon Lane','705025','85551371','1933-04-14','Quimm','Occupational Therapist',499664,'Robinson.Sevior','Customer.532'),(10000532,'Garwood','Broadley','gbroadleyes@msu.edu','0 Truax Lane','234522','95554162','1969-09-16','Yacero','Community Outreach Specialist',269716,'Garwood.Broadley','Customer.533'),(10000533,'Rhiamon','Tyhurst','rtyhurstet@google.de','105 Novick Drive','825741','85556837','1967-03-05','Talane','Research Associate',319520,'Rhiamon.Tyhurst','Customer.534'),(10000534,'Remus','Rampton','rramptoneu@gravatar.com','19 Corben Trail','411129','85553330','1917-06-20','Babblestorm','Internal Auditor',143107,'Remus.Rampton','Customer.535'),(10000535,'Hansiain','Rijkeseis','hrijkeseisev@list-manage.com','12 Southridge Park','392658','85557507','1944-08-15','Mymm','Account Representative III',301122,'Hansiain.Rijkeseis','Customer.536'),(10000536,'Riordan','Grimston','rgrimstonew@dagondesign.com','621 Bunker Hill Drive','506015','95558449','1924-12-21','Browsebug','Web Developer II',300632,'Riordan.Grimston','Customer.537'),(10000537,'Athene','Copozio','acopozioex@about.com','6 Graceland Pass','341625','95550064','1935-10-08','Youfeed','Internal Auditor',120706,'Athene.Copozio','Customer.538'),(10000538,'Teri','Oldfield-Cherry','toldfieldcherryey@addthis.com','3 Fisk Park','205999','95553450','1946-10-20','Kazu','GIS Technical Architect',371118,'Teri.Oldfield-Cherry','Customer.539'),(10000539,'Laurene','Cosbee','lcosbeeez@wp.com','0 Corry Drive','096095','95557348','1945-10-27','Kwilith','Recruiter',136936,'Laurene.Cosbee','Customer.540'),(10000540,'Augusto','Costanza','acostanzaf0@vimeo.com','242 Melvin Road','782398','85558448','1946-05-20','Janyx','Systems Administrator III',241088,'Augusto.Costanza','Customer.541'),(10000541,'Syd','Scramage','sscramagef1@tamu.edu','294 Scofield Center','541515','85557348','1969-02-26','Skibox','Programmer IV',455093,'Syd.Scramage','Customer.542'),(10000542,'Benedick','Ballefant','bballefantf2@cornell.edu','87452 Rigney Place','536403','85557463','1959-01-05','Vitz','Compensation Analyst',451394,'Benedick.Ballefant','Customer.543'),(10000543,'Rafaela','McDonnell','rmcdonnellf3@skyrock.com','3436 Hintze Point','031515','85554988','1971-10-16','Dazzlesphere','Safety Technician IV',292965,'Rafaela.McDonnell','Customer.544'),(10000544,'Yovonnda','Kybert','ykybertf4@elpais.com','37 Merry Junction','964661','95550934','1979-01-13','Twitterwire','Speech Pathologist',305305,'Yovonnda.Kybert','Customer.545'),(10000545,'Hazel','Bertie','hbertief5@topsy.com','04 Marcy Junction','222591','95552608','1988-06-02','Podcat','Community Outreach Specialist',183261,'Hazel.Bertie','Customer.546'),(10000546,'Nikola','Maypother','nmaypotherf6@cornell.edu','9 Heath Avenue','207926','95559067','1965-05-13','Voonyx','Help Desk Operator',199998,'Nikola.Maypother','Customer.547'),(10000547,'Kipper','Duchan','kduchanf7@blogspot.com','64265 Pleasure Point','980852','95558366','1971-08-19','Brainverse','Statistician II',51310,'Kipper.Duchan','Customer.548'),(10000548,'Kaja','Gimblett','kgimblettf8@ted.com','06935 Waubesa Point','163974','95553261','1929-12-23','Digitube','Recruiting Manager',239545,'Kaja.Gimblett','Customer.549'),(10000549,'Devlin','Scullard','dscullardf9@fda.gov','1145 Northland Plaza','295569','95554391','2003-01-19','Shufflebeat','Electrical Engineer',374533,'Devlin.Scullard','Customer.550'),(10000550,'Skipper','Schrei','sschreifa@amazonaws.com','4 Bellgrove Drive','031203','95559382','1990-05-12','Dynabox','Technical Writer',91221,'Skipper.Schrei','Customer.551'),(10000551,'Ainsley','Aubray','aaubrayfb@hao123.com','935 Colorado Junction','843825','95557157','1967-09-06','Talane','Internal Auditor',449097,'Ainsley.Aubray','Customer.552'),(10000552,'Tedra','Sellstrom','tsellstromfc@usnews.com','42 Roth Park','605724','95554536','1985-07-28','Linkbridge','Senior Financial Analyst',50134,'Tedra.Sellstrom','Customer.553'),(10000553,'Katrina','Whitmell','kwhitmellfd@yahoo.com','31520 Declaration Avenue','517725','95557873','1957-02-07','Realpoint','VP Product Management',479087,'Katrina.Whitmell','Customer.554'),(10000554,'Selestina','Cawthera','scawtherafe@github.io','4 Pierstorff Parkway','701485','95556538','1916-07-23','Zoonder','Social Worker',316945,'Selestina.Cawthera','Customer.555'),(10000555,'Ileana','Neame','ineameff@1und1.de','311 Burning Wood Place','227061','95552664','1945-07-14','Yodoo','General Manager',357811,'Ileana.Neame','Customer.556'),(10000556,'Merv','Rice','mricefg@imageshack.us','19 Johnson Trail','689443','95551242','1977-11-09','Agivu','Information Systems Manager',177479,'Merv.Rice','Customer.557'),(10000557,'Brian','Lamshead','blamsheadfh@addtoany.com','18609 Declaration Hill','589622','85552329','1989-08-23','Realcube','Product Engineer',144840,'Brian.Lamshead','Customer.558'),(10000558,'Maurie','Bortolussi','mbortolussifi@tripod.com','9 Shelley Circle','541270','85557191','1947-07-18','Flashspan','VP Product Management',41099,'Maurie.Bortolussi','Customer.559'),(10000559,'Masha','Whiteson','mwhitesonfj@npr.org','6992 Golf Circle','031153','85557302','1947-12-10','Kimia','VP Marketing',80370,'Masha.Whiteson','Customer.560'),(10000560,'Roddie','Darte','rdartefk@mysql.com','5 Burning Wood Terrace','520405','95557453','1933-02-05','Dablist','Assistant Manager',372551,'Roddie.Darte','Customer.561'),(10000561,'Ezekiel','Attrie','eattriefl@comsenz.com','4278 Dorton Court','162636','85554900','1997-01-30','Voolith','Junior Executive',339055,'Ezekiel.Attrie','Customer.562'),(10000562,'Harley','Coffey','hcoffeyfm@theguardian.com','563 Reinke Plaza','313717','95550635','1945-10-30','Browsetype','Cost Accountant',273613,'Harley.Coffey','Customer.563'),(10000563,'Marlo','Chetwynd','mchetwyndfn@google.com.br','82240 Esker Court','433952','95554294','1930-11-03','Skilith','Safety Technician I',238751,'Marlo.Chetwynd','Customer.564'),(10000564,'Maxine','Mousby','mmousbyfo@netscape.com','3 Alpine Trail','874206','95554960','1912-04-04','Meeveo','Professor',160714,'Maxine.Mousby','Customer.565'),(10000565,'Marget','Heads','mheadsfp@yellowpages.com','802 Hansons Pass','973779','85553856','1942-12-30','Zoomcast','Financial Advisor',412885,'Marget.Heads','Customer.566'),(10000566,'Iver','Brito','ibritofq@cisco.com','1172 Kinsman Junction','100638','95554012','1924-08-14','Feedfish','Legal Assistant',270753,'Iver.Brito','Customer.567'),(10000567,'Uriah','Ebbitt','uebbittfr@nature.com','39497 Schmedeman Way','690742','85552137','1991-09-04','Thoughtblab','Librarian',168391,'Uriah.Ebbitt','Customer.568'),(10000568,'Wilden','Blastock','wblastockfs@craigslist.org','21 Autumn Leaf Road','401973','85559488','1944-10-30','Jamia','VP Quality Control',348773,'Wilden.Blastock','Customer.569'),(10000569,'Caralie','Goligher','cgoligherft@issuu.com','3477 Commercial Park','984501','95559437','1992-01-22','JumpXS','VP Quality Control',453503,'Caralie.Goligher','Customer.570'),(10000570,'Jewell','Cabane','jcabanefu@plala.or.jp','39 Warbler Street','324726','85556370','1960-06-17','Quatz','Database Administrator III',333275,'Jewell.Cabane','Customer.571'),(10000571,'Frannie','Doddrell','fdoddrellfv@japanpost.jp','85452 Lerdahl Lane','962021','95558239','1934-01-15','Realmix','Community Outreach Specialist',169704,'Frannie.Doddrell','Customer.572'),(10000572,'Tresa','Irnys','tirnysfw@hugedomains.com','0970 Nobel Plaza','194032','95556825','1921-07-11','Jabbertype','Chemical Engineer',465822,'Tresa.Irnys','Customer.573'),(10000573,'Alford','Sibbit','asibbitfx@princeton.edu','63 Spenser Pass','487814','95559910','1949-07-29','Plambee','Engineer I',498989,'Alford.Sibbit','Customer.574'),(10000574,'Osmond','Rivalant','orivalantfy@dailymail.co.uk','06 Miller Drive','478696','85555529','1917-03-24','Quaxo','Media Manager III',62699,'Osmond.Rivalant','Customer.575'),(10000575,'Waring','Moye','wmoyefz@etsy.com','12327 Melvin Center','230971','95550698','1973-12-22','Youspan','Recruiting Manager',423043,'Waring.Moye','Customer.576'),(10000576,'Moira','Hover','mhoverg0@1688.com','47 Amoth Terrace','761600','85559007','1970-08-14','Divape','Programmer II',265635,'Moira.Hover','Customer.577'),(10000577,'Caye','Pedler','cpedlerg1@com.com','685 Linden Avenue','841561','85553902','1962-09-11','Zoomcast','Professor',160715,'Caye.Pedler','Customer.578'),(10000578,'Esteban','Spenclay','espenclayg2@gravatar.com','1720 Harper Point','076992','85555544','1915-04-23','Jabbercube','Speech Pathologist',381367,'Esteban.Spenclay','Customer.579'),(10000579,'Hamnet','Vinden','hvindeng3@paypal.com','2977 Thackeray Way','053470','95557367','2008-05-20','Thoughtblab','Recruiter',253899,'Hamnet.Vinden','Customer.580'),(10000580,'Hillier','Salvidge','hsalvidgeg4@thetimes.co.uk','4 Lighthouse Bay Circle','987020','95559527','1982-04-18','Avamba','Staff Accountant I',300716,'Hillier.Salvidge','Customer.581'),(10000581,'Chan','Britian','cbritiang5@dagondesign.com','72 Crescent Oaks Trail','532686','95555422','1983-12-16','Browsecat','Health Coach II',55981,'Chan.Britian','Customer.582'),(10000582,'Janot','De Laspee','jdelaspeeg6@npr.org','994 Anniversary Court','074323','85553445','1994-08-07','Thoughtbeat','Chemical Engineer',305984,'Janot.De Laspee','Customer.583'),(10000583,'Emiline','Denney','edenneyg7@i2i.jp','75 Northridge Lane','323102','95554194','1917-11-13','Aivee','VP Product Management',460075,'Emiline.Denney','Customer.584'),(10000584,'Maddie','Nurden','mnurdeng8@java.com','7639 Dunning Junction','118147','95558256','1980-10-06','Divavu','Statistician I',370540,'Maddie.Nurden','Customer.585'),(10000585,'Delcine','Flahive','dflahiveg9@smh.com.au','91065 Ridge Oak Drive','092611','95551840','1981-06-08','Shufflester','Software Engineer II',289504,'Delcine.Flahive','Customer.586'),(10000586,'Matthieu','Scorey','mscoreyga@biglobe.ne.jp','931 Riverside Drive','327163','85554837','1969-06-05','Vinte','Senior Developer',269962,'Matthieu.Scorey','Customer.587'),(10000587,'Irma','Celler','icellergb@boston.com','2 Holy Cross Drive','970497','85552288','2008-11-28','Voolith','VP Accounting',82196,'Irma.Celler','Customer.588'),(10000588,'Mikey','Paskin','mpaskingc@edublogs.org','919 Leroy Hill','068861','95553142','1932-06-12','Mynte','Database Administrator IV',357377,'Mikey.Paskin','Customer.589'),(10000589,'Margalo','Aust','maustgd@digg.com','68998 Mandrake Point','774282','95550832','1935-08-17','Wikizz','Biostatistician IV',376450,'Margalo.Aust','Customer.590'),(10000590,'Neille','Ainscow','nainscowge@statcounter.com','4 North Drive','761357','85552018','2008-01-01','Pixonyx','Senior Quality Engineer',496602,'Neille.Ainscow','Customer.591'),(10000591,'Devy','Sanzio','dsanziogf@hexun.com','77406 Reinke Hill','576528','85552407','1933-11-16','Trupe','Occupational Therapist',384424,'Devy.Sanzio','Customer.592'),(10000592,'Maxie','Benedicte','mbenedictegg@facebook.com','01534 Manufacturers Drive','122085','95557222','1935-12-01','Trunyx','Professor',414599,'Maxie.Benedicte','Customer.593'),(10000593,'Albertine','Crisp','acrispgh@uol.com.br','39675 Village Parkway','366342','85554163','1978-04-29','Dabtype','Programmer II',362464,'Albertine.Crisp','Customer.594'),(10000594,'Kirstin','Cornforth','kcornforthgi@baidu.com','5501 Doe Crossing Street','717288','85557614','1971-09-30','Aimbu','Geologist I',178440,'Kirstin.Cornforth','Customer.595'),(10000595,'Brandy','Corsham','bcorshamgj@huffingtonpost.com','52 Kinsman Terrace','223507','95558810','1935-02-07','Browsetype','Account Executive',54632,'Brandy.Corsham','Customer.596'),(10000596,'Corinna','Rosten','crostengk@gmpg.org','0726 Kensington Place','374980','95553470','1918-05-14','Browsecat','Internal Auditor',66903,'Corinna.Rosten','Customer.597'),(10000597,'Dru','Bisco','dbiscogl@ucoz.com','0426 Hansons Road','364850','85550844','1992-09-22','Voolia','Junior Executive',270218,'Dru.Bisco','Customer.598'),(10000598,'Amelie','Abramov','aabramovgm@bloglines.com','6 Florence Point','814878','95550645','1981-05-21','Twimm','Administrative Assistant II',307978,'Amelie.Abramov','Customer.599'),(10000599,'Joscelin','Colleymore','jcolleymoregn@hud.gov','48972 Pierstorff Terrace','685451','85551036','1997-10-22','Feedspan','Staff Scientist',89778,'Joscelin.Colleymore','Customer.600'),(10000600,'Matias','Keneforde','mkenefordego@4shared.com','043 Kings Park','665333','85554785','1922-04-25','Thoughtworks','Pharmacist',251621,'Matias.Keneforde','Customer.601'),(10000601,'Dante','Illem','dillemgp@sakura.ne.jp','915 Sugar Place','823807','85558630','1974-03-08','Eazzy','Civil Engineer',299803,'Dante.Illem','Customer.602'),(10000602,'Correy','Ghilks','cghilksgq@webeden.co.uk','67951 Bay Pass','728784','95553054','1957-09-12','Brainbox','VP Accounting',312771,'Correy.Ghilks','Customer.603'),(10000603,'Tallou','Maplestone','tmaplestonegr@histats.com','1458 Clemons Park','802757','85550842','2010-05-07','Shufflebeat','Paralegal',102439,'Tallou.Maplestone','Customer.604'),(10000604,'Pam','Morston','pmorstongs@mysql.com','70 Oneill Crossing','329733','95553123','1912-03-29','Izio','VP Product Management',460258,'Pam.Morston','Customer.605'),(10000605,'Ellette','Paynter','epayntergt@hugedomains.com','4 Hanson Center','125731','85550376','1966-08-31','Flashspan','Librarian',486214,'Ellette.Paynter','Customer.606'),(10000606,'Daffi','Dawidowsky','ddawidowskygu@t.co','932 Goodland Drive','084880','95557508','2006-04-23','Rooxo','General Manager',40033,'Daffi.Dawidowsky','Customer.607'),(10000607,'Harp','Aleksich','haleksichgv@arstechnica.com','0104 Kinsman Plaza','682607','95556227','1994-12-13','Demimbu','Paralegal',120721,'Harp.Aleksich','Customer.608'),(10000608,'Elbertina','Jeckells','ejeckellsgw@mayoclinic.com','556 Pepper Wood Trail','594449','95550188','2010-09-14','Dazzlesphere','Media Manager IV',231951,'Elbertina.Jeckells','Customer.609'),(10000609,'Mia','Darlison','mdarlisongx@cargocollective.com','97703 Troy Place','120299','95559335','1959-08-24','Shufflebeat','Occupational Therapist',183267,'Mia.Darlison','Customer.610'),(10000610,'Melva','Kosel','mkoselgy@furl.net','013 Pankratz Center','383829','85555964','1998-11-03','Bubblebox','Cost Accountant',302283,'Melva.Kosel','Customer.611'),(10000611,'Germain','Boyson','gboysongz@free.fr','39 Clove Pass','777321','95557841','1960-07-14','Chatterpoint','Budget/Accounting Analyst III',424512,'Germain.Boyson','Customer.612'),(10000612,'Rozanne','Beddie','rbeddieh0@bbb.org','83 Fisk Crossing','001834','95550127','1951-05-06','Wikizz','Technical Writer',305356,'Rozanne.Beddie','Customer.613'),(10000613,'Mac','Filippi','mfilippih1@paypal.com','1 Macpherson Center','497526','85550449','2009-06-23','Eazzy','Nuclear Power Engineer',309078,'Mac.Filippi','Customer.614'),(10000614,'Welch','Negal','wnegalh2@amazonaws.com','046 Maple Street','324592','95559621','1999-03-13','Zoonder','Dental Hygienist',122900,'Welch.Negal','Customer.615'),(10000615,'Alasdair','Mowen','amowenh3@theatlantic.com','70 Johnson Plaza','198661','85555761','1944-03-07','Realcube','Financial Analyst',40643,'Alasdair.Mowen','Customer.616'),(10000616,'Robert','Geeves','rgeevesh4@theguardian.com','4633 Manufacturers Trail','514473','95558746','1928-07-12','Bluejam','Occupational Therapist',278722,'Robert.Geeves','Customer.617'),(10000617,'Gerti','Springthorp','gspringthorph5@google.ca','8994 Fair Oaks Court','002272','85553155','1966-07-16','Realcube','Food Chemist',499667,'Gerti.Springthorp','Customer.618'),(10000618,'Fanchette','Geaveny','fgeavenyh6@adobe.com','97 Kensington Street','731074','85554451','1966-09-26','Ntag','Mechanical Systems Engineer',392032,'Fanchette.Geaveny','Customer.619'),(10000619,'Zia','Drable','zdrableh7@tumblr.com','6846 Summerview Avenue','679953','85551179','1980-12-22','Trunyx','Systems Administrator I',380899,'Zia.Drable','Customer.620'),(10000620,'Ambrosio','Rockcliffe','arockcliffeh8@archive.org','9776 Northfield Center','599751','85559650','1925-03-19','Skyndu','Human Resources Manager',450269,'Ambrosio.Rockcliffe','Customer.621'),(10000621,'Mame','Balston','mbalstonh9@devhub.com','78945 Veith Terrace','794662','85555180','1925-11-25','Yodel','General Manager',143572,'Mame.Balston','Customer.622'),(10000622,'Jackie','Fleeming','jfleemingha@opera.com','851 Delaware Lane','820798','85559513','1937-09-04','Yamia','Web Designer I',459748,'Jackie.Fleeming','Customer.623'),(10000623,'Caryn','Grimmolby','cgrimmolbyhb@slashdot.org','0 Darwin Terrace','653316','95558200','1950-08-09','Plambee','VP Marketing',319594,'Caryn.Grimmolby','Customer.624'),(10000624,'Carmencita','Varndell','cvarndellhc@wikimedia.org','8693 Shasta Avenue','283055','85552161','1912-07-27','Twinte','Biostatistician II',219821,'Carmencita.Varndell','Customer.625'),(10000625,'Burty','MacTrusty','bmactrustyhd@moonfruit.com','225 Mccormick Court','206971','85551829','1944-03-26','Youspan','Sales Associate',231631,'Burty.MacTrusty','Customer.626'),(10000626,'Sibel','Shires','sshireshe@nifty.com','05843 Dixon Terrace','281396','85550611','1922-09-27','Twimbo','Junior Executive',330606,'Sibel.Shires','Customer.627'),(10000627,'Benoit','Coolbear','bcoolbearhf@slate.com','3 Shoshone Point','243847','85551218','1936-12-28','Yodoo','Occupational Therapist',423054,'Benoit.Coolbear','Customer.628'),(10000628,'Nettle','Walburn','nwalburnhg@furl.net','0055 Maywood Trail','618114','95554992','1943-04-11','Yodoo','Database Administrator III',120054,'Nettle.Walburn','Customer.629'),(10000629,'Leta','Breheny','lbrehenyhh@tripod.com','90409 Huxley Center','152915','85557255','1912-09-08','Flipopia','GIS Technical Architect',132717,'Leta.Breheny','Customer.630'),(10000630,'Erna','Cordeau','ecordeauhi@howstuffworks.com','58 Lerdahl Street','735230','85557048','1990-08-23','Pixope','Occupational Therapist',446366,'Erna.Cordeau','Customer.631'),(10000631,'Kiley','Richards','krichardshj@tuttocitta.it','67 Blackbird Circle','598552','95558508','1921-03-12','Zoombeat','Senior Developer',127834,'Kiley.Richards','Customer.632'),(10000632,'Carole','Bennion','cbennionhk@aboutads.info','320 Packers Lane','819075','85556161','1948-10-09','Twiyo','Safety Technician II',192282,'Carole.Bennion','Customer.633'),(10000633,'Anton','Stranaghan','astranaghanhl@ebay.co.uk','365 Northport Trail','224569','95554728','1934-11-15','Eabox','Help Desk Technician',244385,'Anton.Stranaghan','Customer.634'),(10000634,'Ellary','Choupin','echoupinhm@rakuten.co.jp','459 Oak Terrace','560101','85556036','1995-02-02','Snaptags','Senior Developer',387203,'Ellary.Choupin','Customer.635'),(10000635,'Carree','Grainge','cgraingehn@stumbleupon.com','5 Dixon Hill','199622','85552968','1930-01-30','Thoughtstorm','Software Test Engineer III',26260,'Carree.Grainge','Customer.636'),(10000636,'Joellen','Merring','jmerringho@fotki.com','8 Blaine Place','032652','95555933','1980-03-24','Feedspan','Project Manager',148121,'Joellen.Merring','Customer.637'),(10000637,'Kelwin','Gowanson','kgowansonhp@dedecms.com','51 Waywood Hill','051733','95552877','2005-04-28','Skippad','Account Representative IV',305918,'Kelwin.Gowanson','Customer.638'),(10000638,'Julie','Joselevitch','jjoselevitchhq@phoca.cz','14653 Hoepker Plaza','215519','85555500','1933-06-21','Aivee','Senior Financial Analyst',331330,'Julie.Joselevitch','Customer.639'),(10000639,'Jimmie','Hambling','jhamblinghr@reddit.com','70064 7th Parkway','479699','85556844','1963-12-01','Avaveo','Software Consultant',480644,'Jimmie.Hambling','Customer.640'),(10000640,'Elladine','Saxelby','esaxelbyhs@walmart.com','3 Ilene Circle','082590','85554774','1919-05-15','Skyndu','Occupational Therapist',395382,'Elladine.Saxelby','Customer.641'),(10000641,'Amalia','Dilkes','adilkesht@wikipedia.org','69 Pleasure Point','435268','95550336','1919-04-10','Twitterbeat','VP Accounting',435033,'Amalia.Dilkes','Customer.642'),(10000642,'Milt','Tiebe','mtiebehu@dropbox.com','489 Parkside Trail','862496','95552936','1934-04-16','Muxo','Office Assistant II',136408,'Milt.Tiebe','Customer.643'),(10000643,'Florinda','O\'Flynn','foflynnhv@army.mil','37873 Stoughton Hill','472085','95559520','1968-02-26','Realpoint','Recruiter',127826,'Florinda.O\'Flynn','Customer.644'),(10000644,'Hartwell','Cicconettii','hcicconettiihw@google.de','8 Briar Crest Terrace','199918','95555209','1985-05-17','Meetz','Marketing Manager',164124,'Hartwell.Cicconettii','Customer.645'),(10000645,'Averyl','Gillie','agilliehx@ibm.com','2333 Kropf Way','203053','85555794','1949-11-14','Voolia','Staff Accountant II',316166,'Averyl.Gillie','Customer.646'),(10000646,'Eula','Fuchs','efuchshy@aboutads.info','533 Victoria Park','630939','85555353','1951-10-02','Janyx','Software Engineer I',105863,'Eula.Fuchs','Customer.647'),(10000647,'Tymothy','Marcq','tmarcqhz@csmonitor.com','96672 Huxley Street','404715','85550330','1921-11-27','Yombu','Cost Accountant',401372,'Tymothy.Marcq','Customer.648'),(10000648,'Glennis','Isselee','gisseleei0@creativecommons.org','8579 Meadow Ridge Road','299961','85553963','1950-02-11','Twinte','Analyst Programmer',52959,'Glennis.Isselee','Customer.649'),(10000649,'Shena','Somerled','ssomerledi1@bloomberg.com','2 Kedzie Point','393566','85550138','1993-07-17','Janyx','Nurse',431865,'Shena.Somerled','Customer.650'),(10000650,'Tamra','Nial','tniali2@topsy.com','5037 Sauthoff Alley','378630','85556822','1919-08-05','Shuffledrive','Electrical Engineer',481408,'Tamra.Nial','Customer.651'),(10000651,'Jeromy','Boncoeur','jboncoeuri3@ed.gov','25 5th Plaza','543899','95557507','1919-08-03','Realcube','Senior Sales Associate',156218,'Jeromy.Boncoeur','Customer.652'),(10000652,'Isabelle','Evered','ieveredi4@narod.ru','7 Kedzie Circle','673723','95553648','1980-09-02','Topicware','Media Manager II',168429,'Isabelle.Evered','Customer.653'),(10000653,'Joelynn','Foucar','jfoucari5@sina.com.cn','92 Scofield Lane','744027','85556980','1965-11-17','Agivu','VP Marketing',339377,'Joelynn.Foucar','Customer.654'),(10000654,'Shermie','Grzegorecki','sgrzegoreckii6@businessinsider.com','1 Summit Terrace','847394','85554163','2000-05-19','Mydeo','Junior Executive',440401,'Shermie.Grzegorecki','Customer.655'),(10000655,'Callida','Rozec','crozeci7@desdev.cn','27913 La Follette Parkway','014083','95557545','1946-06-13','Livetube','Mechanical Systems Engineer',355339,'Callida.Rozec','Customer.656'),(10000656,'Thorn','Knapton','tknaptoni8@weebly.com','5589 Kinsman Park','637039','95557505','1936-10-13','Wikibox','Civil Engineer',106824,'Thorn.Knapton','Customer.657'),(10000657,'Davie','Potier','dpotieri9@blogtalkradio.com','26 East Alley','462557','95557231','1983-06-15','Thoughtworks','Staff Accountant I',362423,'Davie.Potier','Customer.658'),(10000658,'Elnore','Fabri','efabriia@ed.gov','970 Grayhawk Alley','170307','85559483','1936-03-12','Jaxworks','Information Systems Manager',89890,'Elnore.Fabri','Customer.659'),(10000659,'Maynord','Boffin','mboffinib@free.fr','5 Summerview Park','306432','85557177','1990-12-21','Voolith','Engineer III',83219,'Maynord.Boffin','Customer.660'),(10000660,'Aurore','Fumagalli','afumagalliic@feedburner.com','29955 Riverside Terrace','388090','95556688','2006-12-28','Eare','Actuary',72765,'Aurore.Fumagalli','Customer.661'),(10000661,'Darby','O\'Shields','doshieldsid@google.nl','907 Old Shore Drive','374177','85556040','1938-07-11','Skivee','Structural Analysis Engineer',246931,'Darby.O\'Shields','Customer.662'),(10000662,'Berk','Tring','btringie@youku.com','55591 Eggendart Avenue','472466','85557261','1949-02-10','Tavu','General Manager',174549,'Berk.Tring','Customer.663'),(10000663,'Shaine','Thornewell','sthornewellif@furl.net','8 Monument Place','511046','85557832','1992-08-15','Oozz','Human Resources Manager',325189,'Shaine.Thornewell','Customer.664'),(10000664,'Sandi','Jubert','sjubertig@is.gd','92 Tomscot Center','092425','85558444','1921-07-31','Fliptune','Help Desk Operator',409048,'Sandi.Jubert','Customer.665'),(10000665,'Axe','Littlemore','alittlemoreih@ning.com','3 Gerald Parkway','013324','85557781','1986-09-01','Katz','Administrative Officer',348783,'Axe.Littlemore','Customer.666'),(10000666,'Carin','Rogers','crogersii@google.cn','5316 Jay Crossing','022881','95559486','1919-02-14','Tagchat','Human Resources Assistant IV',175596,'Carin.Rogers','Customer.667'),(10000667,'Dwain','Wittman','dwittmanij@sun.com','1 Gulseth Park','018504','95556118','1985-02-06','Zoonoodle','Structural Analysis Engineer',188014,'Dwain.Wittman','Customer.668'),(10000668,'Rozanne','Whittock','rwhittockik@over-blog.com','589 Southridge Street','244402','95552991','1968-11-05','Zoomlounge','Actuary',170114,'Rozanne.Whittock','Customer.669'),(10000669,'Moore','Rennox','mrennoxil@vkontakte.ru','64 Fairview Alley','376869','95558971','1997-09-15','Devcast','Recruiting Manager',493085,'Moore.Rennox','Customer.670'),(10000670,'Hailey','Dunster','hdunsterim@wp.com','5 Kinsman Road','577089','85559144','1914-06-23','Minyx','Structural Analysis Engineer',419160,'Hailey.Dunster','Customer.671'),(10000671,'Alfred','Reggiani','areggianiin@loc.gov','6 Melrose Center','313706','95551648','2002-02-27','Voonyx','Administrative Assistant II',216244,'Alfred.Reggiani','Customer.672'),(10000672,'Lucy','Fromont','lfromontio@mail.ru','593 Haas Way','417961','85551214','1952-06-28','Bubbletube','Speech Pathologist',454279,'Lucy.Fromont','Customer.673'),(10000673,'Griselda','Barkworth','gbarkworthip@techcrunch.com','1642 Elka Plaza','698637','85556908','2008-09-10','Brainverse','Analog Circuit Design manager',91154,'Griselda.Barkworth','Customer.674'),(10000674,'Olin','Capini','ocapiniiq@uiuc.edu','4 Mariners Cove Place','010530','85552805','1990-09-22','Dabtype','Marketing Assistant',177549,'Olin.Capini','Customer.675'),(10000675,'Kirbie','Rowthorn','krowthornir@marketwatch.com','3753 Towne Crossing','916682','85558416','2003-11-17','Jabbersphere','Help Desk Technician',158530,'Kirbie.Rowthorn','Customer.676'),(10000676,'Stephanus','Bohman','sbohmanis@wunderground.com','2 Fairview Park','796059','95558435','1915-06-02','Mita','Data Coordiator',212812,'Stephanus.Bohman','Customer.677'),(10000677,'Mellisent','Waterdrinker','mwaterdrinkerit@netvibes.com','102 Mariners Cove Way','439242','85551234','1983-09-08','Kwideo','Pharmacist',406185,'Mellisent.Waterdrinker','Customer.678'),(10000678,'Sherlock','Andreasen','sandreaseniu@etsy.com','6231 Red Cloud Avenue','897866','95554835','1970-08-06','Demivee','Help Desk Technician',183564,'Sherlock.Andreasen','Customer.679'),(10000679,'Teodorico','Noorwood','tnoorwoodiv@howstuffworks.com','01 Forest Run Trail','006653','95551326','1963-08-02','Flipbug','Senior Quality Engineer',125705,'Teodorico.Noorwood','Customer.680'),(10000680,'Simone','Kinnerk','skinnerkiw@issuu.com','7161 Dryden Park','592736','85556256','1986-04-19','Feedmix','Environmental Tech',441611,'Simone.Kinnerk','Customer.681'),(10000681,'Freedman','Eyles','feylesix@hexun.com','6275 Barby Place','967347','95553624','1947-03-23','Yozio','Nuclear Power Engineer',262813,'Freedman.Eyles','Customer.682'),(10000682,'Van','Tittletross','vtittletrossiy@weibo.com','309 Bay Parkway','003668','95558695','1989-05-18','Thoughtbridge','Cost Accountant',49649,'Van.Tittletross','Customer.683'),(10000683,'Valentin','Bartusek','vbartusekiz@usa.gov','28298 Forest Dale Street','267659','95551869','1940-03-29','Shufflester','Research Assistant II',337625,'Valentin.Bartusek','Customer.684'),(10000684,'Isabeau','Fedoronko','ifedoronkoj0@wikia.com','85479 Ludington Way','191869','85554120','1998-08-31','Thoughtstorm','Physical Therapy Assistant',170242,'Isabeau.Fedoronko','Customer.685'),(10000685,'Brandy','Besemer','bbesemerj1@cam.ac.uk','542 Longview Parkway','630530','95552112','1961-02-25','Meedoo','Web Developer I',58713,'Brandy.Besemer','Customer.686'),(10000686,'Auroora','Suckling','asucklingj2@businesswire.com','88 Northfield Avenue','367787','85552152','1940-09-13','Babbleopia','Statistician II',400670,'Auroora.Suckling','Customer.687'),(10000687,'Everard','Hanstock','ehanstockj3@nyu.edu','8 Waubesa Alley','779387','85552273','1931-09-13','Jayo','Financial Analyst',386760,'Everard.Hanstock','Customer.688'),(10000688,'Cyb','Steen','csteenj4@bluehost.com','4022 Toban Alley','521998','95552920','1999-05-16','Cogibox','VP Quality Control',354782,'Cyb.Steen','Customer.689'),(10000689,'Freda','Figger','ffiggerj5@mlb.com','91029 Hagan Drive','215570','95556513','1945-05-12','Zoonder','Community Outreach Specialist',356066,'Freda.Figger','Customer.690'),(10000690,'Normand','Gascar','ngascarj6@weebly.com','25601 Porter Terrace','750341','95551553','1945-12-14','Mynte','Executive Secretary',442158,'Normand.Gascar','Customer.691'),(10000691,'Lula','Verbeke','lverbekej7@howstuffworks.com','3910 Oakridge Center','542600','85559161','1972-05-09','Blogtag','Assistant Media Planner',149187,'Lula.Verbeke','Customer.692'),(10000692,'Cortney','Minthorpe','cminthorpej8@friendfeed.com','2 Jackson Avenue','042142','85559219','1948-07-03','Rhybox','Systems Administrator II',278570,'Cortney.Minthorpe','Customer.693'),(10000693,'Silvie','Gjerde','sgjerdej9@themeforest.net','8 Cordelia Crossing','722373','95559829','1976-01-22','Livefish','Director of Sales',187486,'Silvie.Gjerde','Customer.694'),(10000694,'Greer','Linley','glinleyja@timesonline.co.uk','50 7th Parkway','611620','85556997','1991-06-07','Thoughtblab','Media Manager IV',482828,'Greer.Linley','Customer.695'),(10000695,'Brittney','Alessandrini','balessandrinijb@studiopress.com','15195 Sutherland Street','768859','85554418','1968-03-19','Quire','Help Desk Technician',486247,'Brittney.Alessandrini','Customer.696'),(10000696,'Frederico','Chidwick','fchidwickjc@aboutads.info','0 Hudson Point','259959','95554224','1994-03-27','Skimia','Budget/Accounting Analyst III',362374,'Frederico.Chidwick','Customer.697'),(10000697,'Tildi','Danforth','tdanforthjd@elegantthemes.com','29360 Hayes Plaza','825428','85552192','2009-01-13','Yotz','Analyst Programmer',29391,'Tildi.Danforth','Customer.698'),(10000698,'Ryan','Pickerin','rpickerinje@edublogs.org','929 Crescent Oaks Circle','167885','85559083','1950-03-16','Dynabox','Paralegal',40731,'Ryan.Pickerin','Customer.699'),(10000699,'Dagmar','Luxmoore','dluxmoorejf@nba.com','85 Drewry Trail','252043','85552534','1943-03-25','Jaloo','Account Coordinator',184066,'Dagmar.Luxmoore','Customer.700'),(10000700,'Ludvig','Baggot','lbaggotjg@reverbnation.com','5600 Spenser Trail','687138','95558617','1930-08-14','Photobug','Statistician I',363146,'Ludvig.Baggot','Customer.701'),(10000701,'Juli','Polycote','jpolycotejh@utexas.edu','21742 Walton Drive','459691','95557846','1997-08-08','Eadel','Software Engineer III',146436,'Juli.Polycote','Customer.702'),(10000702,'Christan','Bramham','cbramhamji@about.com','7115 Clyde Gallagher Avenue','408002','85559886','1929-08-05','Kwimbee','Biostatistician I',391196,'Christan.Bramham','Customer.703'),(10000703,'Alexander','Burbidge','aburbidgejj@samsung.com','63 Sullivan Junction','356639','85550520','1977-10-15','Snaptags','Programmer IV',347028,'Alexander.Burbidge','Customer.704'),(10000704,'Micky','Boas','mboasjk@shop-pro.jp','2 Sauthoff Junction','571706','95558300','1918-09-09','Zoomzone','Chemical Engineer',182922,'Micky.Boas','Customer.705'),(10000705,'Delphinia','Sylvester','dsylvesterjl@amazonaws.com','98 Monument Pass','039251','95554764','2000-12-16','Skinte','Financial Advisor',224931,'Delphinia.Sylvester','Customer.706'),(10000706,'Cris','Barnardo','cbarnardojm@ask.com','2 Lighthouse Bay Lane','368325','85551588','2009-09-14','Trudoo','Electrical Engineer',487626,'Cris.Barnardo','Customer.707'),(10000707,'Giavani','Wooton','gwootonjn@surveymonkey.com','108 Laurel Alley','463181','95556939','2011-08-15','Zoombeat','VP Product Management',361168,'Giavani.Wooton','Customer.708'),(10000708,'Kaycee','Iacomettii','kiacomettiijo@foxnews.com','361 Golden Leaf Street','599872','95555929','1934-04-05','Skyble','Environmental Specialist',91283,'Kaycee.Iacomettii','Customer.709'),(10000709,'Katherina','Ericsson','kericssonjp@behance.net','6276 Thackeray Junction','683099','95551321','1915-12-22','Innojam','General Manager',444914,'Katherina.Ericsson','Customer.710'),(10000710,'Mart','MacDaid','mmacdaidjq@dailymotion.com','242 Dryden Center','394318','85553736','1944-05-20','Kayveo','Human Resources Manager',228604,'Mart.MacDaid','Customer.711'),(10000711,'Siward','Isakov','sisakovjr@goo.gl','460 Gateway Circle','015955','85557458','1952-07-23','Quatz','Media Manager I',85934,'Siward.Isakov','Customer.712'),(10000712,'Charmane','Greenman','cgreenmanjs@wix.com','26780 Ludington Crossing','472260','95551351','1998-01-10','Rooxo','Software Consultant',390945,'Charmane.Greenman','Customer.713'),(10000713,'Nola','Seely','nseelyjt@uiuc.edu','7 Johnson Lane','571251','85557082','1940-01-01','Agimba','Staff Scientist',41082,'Nola.Seely','Customer.714'),(10000714,'Rossy','Verralls','rverrallsju@w3.org','38566 Nelson Avenue','148619','95558670','1915-08-08','Roomm','Structural Analysis Engineer',99531,'Rossy.Verralls','Customer.715'),(10000715,'Shanan','Gilsthorpe','sgilsthorpejv@vinaora.com','306 Bay Point','424237','85553358','1998-03-30','Zooveo','Cost Accountant',86762,'Shanan.Gilsthorpe','Customer.716'),(10000716,'Faye','Skillett','fskillettjw@elpais.com','6836 Messerschmidt Plaza','268380','95551615','1982-08-09','Aimbu','VP Sales',29400,'Faye.Skillett','Customer.717'),(10000717,'Rachelle','Kingscote','rkingscotejx@hibu.com','74979 Nelson Court','899259','95554981','1966-08-12','Minyx','Web Designer I',460173,'Rachelle.Kingscote','Customer.718'),(10000718,'Brena','Jovanovic','bjovanovicjy@yelp.com','52366 Welch Court','080797','95550789','1964-08-01','Blogpad','Technical Writer',142190,'Brena.Jovanovic','Customer.719'),(10000719,'Arnoldo','Whittam','awhittamjz@cdc.gov','4 Bowman Hill','056414','95553983','2009-11-15','Avamm','Business Systems Development Analyst',305557,'Arnoldo.Whittam','Customer.720'),(10000720,'Myrtle','Bellow','mbellowk0@github.io','0 Hudson Road','015629','95556683','1913-05-20','Muxo','Account Representative II',470615,'Myrtle.Bellow','Customer.721'),(10000721,'Mariellen','Boothroyd','mboothroydk1@yolasite.com','087 Summerview Plaza','438446','95559492','1913-01-09','Tagtune','Professor',144064,'Mariellen.Boothroyd','Customer.722'),(10000722,'Chiquita','Bye','cbyek2@creativecommons.org','19 Delladonna Street','166031','85550351','1938-11-06','Dabjam','Pharmacist',318720,'Chiquita.Bye','Customer.723'),(10000723,'Idell','Chatelot','ichatelotk3@unesco.org','3189 Steensland Park','980549','85551110','1983-02-14','Skynoodle','Web Designer II',258337,'Idell.Chatelot','Customer.724'),(10000724,'Eada','Gavaghan','egavaghank4@multiply.com','0 Reinke Park','055448','95552781','1992-11-03','Centidel','Paralegal',478590,'Eada.Gavaghan','Customer.725'),(10000725,'Doralynne','Simanek','dsimanekk5@i2i.jp','7646 Dwight Point','163659','95554450','1947-08-14','Kaymbo','Clinical Specialist',109467,'Doralynne.Simanek','Customer.726'),(10000726,'Marsh','McRorie','mmcroriek6@yolasite.com','71849 Meadow Valley Hill','544221','95553258','1924-10-25','Kazu','Research Assistant II',407953,'Marsh.McRorie','Customer.727'),(10000727,'Eddie','Keyzor','ekeyzork7@amazonaws.com','52 Commercial Parkway','249515','95554911','1966-10-27','Gigabox','Office Assistant I',466998,'Eddie.Keyzor','Customer.728'),(10000728,'Waneta','Colquit','wcolquitk8@cbsnews.com','68 Jana Drive','442676','95557444','1980-08-29','Buzzdog','Developer IV',57074,'Waneta.Colquit','Customer.729'),(10000729,'Farrel','Allinson','fallinsonk9@boston.com','34170 Katie Alley','232391','95556886','1958-05-08','Zoomdog','Account Coordinator',124606,'Farrel.Allinson','Customer.730'),(10000730,'Lanie','Collicott','lcollicottka@privacy.gov.au','28394 Continental Street','607473','85555679','1928-05-18','Cogidoo','Operator',149854,'Lanie.Collicott','Customer.731'),(10000731,'Mariann','Touhig','mtouhigkb@macromedia.com','49 Golf Course Terrace','195939','85556997','2005-04-03','Voomm','Desktop Support Technician',282734,'Mariann.Touhig','Customer.732'),(10000732,'Matthaeus','McArdle','mmcardlekc@ameblo.jp','535 Banding Drive','064938','85558706','1954-06-28','Gabtype','Community Outreach Specialist',456983,'Matthaeus.McArdle','Customer.733'),(10000733,'Alisa','Denisyuk','adenisyukkd@list-manage.com','460 Porter Street','408825','85551477','1943-06-07','Roodel','Human Resources Assistant I',433765,'Alisa.Denisyuk','Customer.734'),(10000734,'Noel','Sweeting','nsweetingke@fastcompany.com','47815 Cody Pass','204005','95555054','1997-07-11','Vitz','Occupational Therapist',255580,'Noel.Sweeting','Customer.735'),(10000735,'Aggy','Lawlings','alawlingskf@bbc.co.uk','337 Butternut Hill','913830','95556931','1973-10-20','Eire','Software Test Engineer IV',323736,'Aggy.Lawlings','Customer.736'),(10000736,'Daphene','Chitter','dchitterkg@myspace.com','0 Mendota Trail','178998','95550367','1992-05-13','Meezzy','Database Administrator I',116164,'Daphene.Chitter','Customer.737'),(10000737,'Durward','Chasson','dchassonkh@shop-pro.jp','0 Evergreen Avenue','892906','95551037','1954-02-03','Kwilith','Accounting Assistant III',286134,'Durward.Chasson','Customer.738'),(10000738,'Gaye','Ortner','gortnerki@hatena.ne.jp','945 Maple Wood Center','393147','85551590','2007-04-18','Browsedrive','Librarian',204484,'Gaye.Ortner','Customer.739'),(10000739,'Alexandra','Naisey','anaiseykj@ca.gov','6821 Mesta Park','983621','95553000','2007-12-23','Flipbug','Nurse Practicioner',307792,'Alexandra.Naisey','Customer.740'),(10000740,'Klement','Dagworthy','kdagworthykk@ca.gov','40 Chinook Crossing','866199','85551587','2006-06-23','Thoughtbeat','Web Designer I',98235,'Klement.Dagworthy','Customer.741'),(10000741,'Doralynne','Bodham','dbodhamkl@nature.com','6714 Meadow Valley Parkway','493126','85551205','1954-06-28','Oyonder','Nurse',284476,'Doralynne.Bodham','Customer.742'),(10000742,'Karee','Van den Dael','kvandendaelkm@icq.com','1 Amoth Avenue','230433','95555987','1919-11-12','Zava','Account Representative III',247711,'Karee.Van den Dael','Customer.743'),(10000743,'Zechariah','MacConnechie','zmacconnechiekn@cbslocal.com','17865 Holy Cross Pass','535245','85551613','1970-10-06','Vinder','Professor',135432,'Zechariah.MacConnechie','Customer.744'),(10000744,'Cyrus','Bolstridge','cbolstridgeko@lycos.com','064 Evergreen Lane','435229','85553107','1982-09-26','Wordpedia','Quality Control Specialist',323673,'Cyrus.Bolstridge','Customer.745'),(10000745,'Micah','Pavolini','mpavolinikp@mlb.com','05682 Sutteridge Hill','537612','85553352','1961-05-11','Cogidoo','Financial Analyst',367430,'Micah.Pavolini','Customer.746'),(10000746,'Dexter','Apps','dappskq@skype.com','8 Helena Park','663377','85552352','2003-02-19','Demizz','Payment Adjustment Coordinator',325016,'Dexter.Apps','Customer.747'),(10000747,'Vernon','Bunt','vbuntkr@clickbank.net','84086 Reindahl Terrace','507791','85556879','1946-09-15','Mymm','Accounting Assistant II',470899,'Vernon.Bunt','Customer.748'),(10000748,'Greg','Goundrill','ggoundrillks@flavors.me','235 Esker Pass','729117','95551560','1988-04-10','Youopia','Librarian',161531,'Greg.Goundrill','Customer.749'),(10000749,'Marielle','Cluckie','mcluckiekt@ustream.tv','18 Banding Park','472076','85556603','2001-02-01','Dabvine','Financial Analyst',347258,'Marielle.Cluckie','Customer.750'),(10000750,'Kirbee','Croy','kcroyku@angelfire.com','38 Burning Wood Avenue','968134','95559414','1924-08-09','LiveZ','Payment Adjustment Coordinator',465493,'Kirbee.Croy','Customer.751'),(10000751,'Yul','Dikelin','ydikelinkv@a8.net','374 Summit Hill','288303','95550314','1976-06-16','Pixonyx','Database Administrator I',303818,'Yul.Dikelin','Customer.752'),(10000752,'Durward','Hain','dhainkw@adobe.com','86 Upham Junction','149306','85552396','2007-10-22','Aimbu','Media Manager III',312012,'Durward.Hain','Customer.753'),(10000753,'Stan','Degli Antoni','sdegliantonikx@google.co.uk','549 Doe Crossing Crossing','760817','85553764','1955-12-25','Linkbuzz','Pharmacist',474714,'Stan.Degli Antoni','Customer.754'),(10000754,'Arabel','Dollimore','adollimoreky@ft.com','112 Hayes Crossing','491462','85559230','1967-06-11','Mudo','Account Coordinator',189749,'Arabel.Dollimore','Customer.755'),(10000755,'Kaila','Ebourne','kebournekz@friendfeed.com','9 Erie Crossing','696658','85555901','1930-03-12','Skajo','Payment Adjustment Coordinator',414719,'Kaila.Ebourne','Customer.756'),(10000756,'Iseabal','Kluge','iklugel0@bloomberg.com','801 Michigan Plaza','065258','85552903','1916-02-05','Linklinks','Nuclear Power Engineer',254479,'Iseabal.Kluge','Customer.757'),(10000757,'Sarette','Axworthy','saxworthyl1@tmall.com','2 Spenser Drive','147176','85554438','1963-11-18','Yambee','Recruiting Manager',414787,'Sarette.Axworthy','Customer.758'),(10000758,'Logan','Heimes','lheimesl2@google.fr','16097 Doe Crossing Plaza','478557','85550404','1948-01-26','Linklinks','Quality Engineer',309220,'Logan.Heimes','Customer.759'),(10000759,'Vachel','Huyhton','vhuyhtonl3@histats.com','29867 Cambridge Court','166067','85550734','1941-05-24','Chatterbridge','Marketing Manager',143844,'Vachel.Huyhton','Customer.760'),(10000760,'Berky','Dukelow','bdukelowl4@tripadvisor.com','5336 Almo Pass','672431','85554659','2005-05-17','Tagchat','Research Assistant II',297859,'Berky.Dukelow','Customer.761'),(10000761,'Ignacio','Hawkshaw','ihawkshawl5@toplist.cz','3 Crescent Oaks Park','169393','85552018','2004-03-02','Gabtype','Food Chemist',205108,'Ignacio.Hawkshaw','Customer.762'),(10000762,'Regen','Lansdown','rlansdownl6@paypal.com','9101 Dixon Alley','067856','85553212','1935-01-13','Trunyx','Analyst Programmer',452343,'Regen.Lansdown','Customer.763'),(10000763,'Denney','Burkin','dburkinl7@bluehost.com','523 Bartelt Avenue','640622','95557205','1986-05-26','Teklist','Help Desk Operator',471583,'Denney.Burkin','Customer.764'),(10000764,'Dale','Coxhead','dcoxheadl8@nhs.uk','1969 Chive Plaza','924206','95553680','1915-10-13','Livefish','Executive Secretary',177712,'Dale.Coxhead','Customer.765'),(10000765,'Dino','Markos','dmarkosl9@about.me','97920 Service Alley','224195','85559838','1952-11-09','Pixoboo','Media Manager I',176913,'Dino.Markos','Customer.766'),(10000766,'Lynn','Obey','lobeyla@gov.uk','8969 Ridgeview Center','002028','85551707','1944-05-24','Rhybox','Assistant Manager',432054,'Lynn.Obey','Customer.767'),(10000767,'Morten','Chaffe','mchaffelb@gnu.org','4 Luster Park','950880','85556886','1950-06-11','Vipe','Help Desk Operator',161026,'Morten.Chaffe','Customer.768'),(10000768,'Corabel','Denyukhin','cdenyukhinlc@goodreads.com','179 Center Point','031531','95553224','1990-05-29','Ainyx','Physical Therapy Assistant',261218,'Corabel.Denyukhin','Customer.769'),(10000769,'Judye','Stockdale','jstockdaleld@linkedin.com','14593 Montana Road','233007','85554832','1959-05-06','Blogpad','Administrative Officer',415797,'Judye.Stockdale','Customer.770'),(10000770,'Brinna','Voas','bvoasle@reference.com','2 Hovde Pass','157457','95556085','2011-04-25','Trunyx','Clinical Specialist',44299,'Brinna.Voas','Customer.771'),(10000771,'Romona','Wealthall','rwealthalllf@netscape.com','41 Mcbride Pass','986886','95550306','1953-07-27','Meeveo','Analog Circuit Design manager',101300,'Romona.Wealthall','Customer.772'),(10000772,'Tamma','Alderson','taldersonlg@sourceforge.net','19 Schiller Trail','037873','85556790','1981-06-06','Trudeo','Registered Nurse',137461,'Tamma.Alderson','Customer.773'),(10000773,'Aurelie','Harvard','aharvardlh@plala.or.jp','3 Eagle Crest Center','008422','95557897','1965-04-26','Wikivu','Editor',268699,'Aurelie.Harvard','Customer.774'),(10000774,'Carlen','Huddle','chuddleli@icio.us','8 Green Junction','649618','95554422','1966-09-26','Wikizz','Desktop Support Technician',387715,'Carlen.Huddle','Customer.775'),(10000775,'Zonnya','Eastam','zeastamlj@icio.us','2 Longview Park','515035','85555613','1937-04-10','Kimia','Marketing Manager',340916,'Zonnya.Eastam','Customer.776'),(10000776,'Miltie','Culpin','mculpinlk@irs.gov','99 Schmedeman Court','937210','85558257','1915-06-09','Kwilith','Product Engineer',474222,'Miltie.Culpin','Customer.777'),(10000777,'Tori','Tittershill','ttittershillll@psu.edu','59 Pankratz Point','476085','85556665','2007-02-15','Miboo','Chemical Engineer',232970,'Tori.Tittershill','Customer.778'),(10000778,'Lynn','Mathevon','lmathevonlm@usatoday.com','3 Fieldstone Point','592948','95556600','1974-06-28','Wordtune','Quality Engineer',85584,'Lynn.Mathevon','Customer.779'),(10000779,'Stefanie','Blakeston','sblakestonln@joomla.org','20 Muir Hill','398830','85556818','1988-02-12','Jazzy','General Manager',116834,'Stefanie.Blakeston','Customer.780'),(10000780,'Giusto','Dodell','gdodelllo@pagesperso-orange.fr','488 Springview Park','616019','85556586','2000-06-17','Mynte','Staff Accountant IV',143739,'Giusto.Dodell','Customer.781'),(10000781,'Viki','Windeatt','vwindeattlp@virginia.edu','7299 7th Park','769104','95552805','2007-09-21','Skidoo','Editor',209666,'Viki.Windeatt','Customer.782'),(10000782,'Tamra','Geleman','tgelemanlq@flickr.com','4 Marcy Terrace','195979','85556640','1939-11-29','Oyoba','Staff Scientist',335713,'Tamra.Geleman','Customer.783'),(10000783,'Odetta','Woakes','owoakeslr@virginia.edu','7426 Shasta Trail','048645','85558975','1959-11-21','Rhybox','Recruiter',424193,'Odetta.Woakes','Customer.784'),(10000784,'Rici','Ellor','rellorls@state.gov','94139 Weeping Birch Hill','932802','85550470','1937-08-11','Devpulse','Database Administrator I',202506,'Rici.Ellor','Customer.785'),(10000785,'Lexie','Camfield','lcamfieldlt@cnet.com','00 Dawn Terrace','250820','85557379','1984-05-03','Agivu','Quality Control Specialist',314887,'Lexie.Camfield','Customer.786'),(10000786,'Cedric','Rawls','crawlslu@webeden.co.uk','3181 Norway Maple Street','990554','95555037','1930-11-22','Skippad','Geological Engineer',356288,'Cedric.Rawls','Customer.787'),(10000787,'Filberto','Brideaux','fbrideauxlv@nationalgeographic.com','2 Pine View Hill','753219','95551512','1961-04-22','Twitterworks','Senior Quality Engineer',126278,'Filberto.Brideaux','Customer.788'),(10000788,'Glynis','La Torre','glatorrelw@time.com','4 Menomonie Court','747862','85557073','2001-11-05','Dynava','General Manager',134240,'Glynis.La Torre','Customer.789'),(10000789,'Jacobo','Cason','jcasonlx@microsoft.com','6780 Menomonie Lane','969584','85557313','1940-03-05','Innotype','Paralegal',161712,'Jacobo.Cason','Customer.790'),(10000790,'Dewie','Evison','devisonly@addtoany.com','54 Dixon Plaza','783142','85555267','1926-01-12','Voonyx','Administrative Officer',295808,'Dewie.Evison','Customer.791'),(10000791,'Chastity','Lorimer','clorimerlz@naver.com','91 Kensington Drive','597188','95553364','1982-06-18','Camido','Automation Specialist I',278839,'Chastity.Lorimer','Customer.792'),(10000792,'Boris','Cowling','bcowlingm0@arstechnica.com','281 Calypso Road','808381','95555908','1980-01-17','Realpoint','Environmental Tech',293011,'Boris.Cowling','Customer.793'),(10000793,'Cliff','Wasteney','cwasteneym1@vinaora.com','87 Melvin Way','752682','95557588','1963-09-04','Vidoo','Structural Engineer',98348,'Cliff.Wasteney','Customer.794'),(10000794,'Sherilyn','Fendt','sfendtm2@hao123.com','34261 Autumn Leaf Point','462544','85550373','1971-04-10','Skinte','Senior Sales Associate',428110,'Sherilyn.Fendt','Customer.795'),(10000795,'Euphemia','Iskow','eiskowm3@ow.ly','616 Reindahl Way','880563','85557185','1986-12-28','Tagtune','Data Coordiator',40779,'Euphemia.Iskow','Customer.796'),(10000796,'Calv','Blackborough','cblackboroughm4@cafepress.com','315 Bayside Plaza','528860','85550943','1937-04-04','Zoomlounge','Research Associate',408060,'Calv.Blackborough','Customer.797'),(10000797,'Alasdair','Bucham','abuchamm5@fda.gov','9 Prentice Place','262171','95551379','1916-02-06','Cogilith','VP Quality Control',60312,'Alasdair.Bucham','Customer.798'),(10000798,'Anders','Wilbore','awilborem6@taobao.com','4986 Porter Parkway','455935','95553689','1955-08-31','Flashpoint','Community Outreach Specialist',263348,'Anders.Wilbore','Customer.799'),(10000799,'Bernice','Jowers','bjowersm7@wordpress.org','3207 Fieldstone Plaza','327626','95555735','1912-10-18','Yadel','Graphic Designer',475275,'Bernice.Jowers','Customer.800'),(10000800,'Philippe','Mulcock','pmulcockm8@psu.edu','7 Westridge Pass','666896','95551341','1976-10-09','Gigazoom','Assistant Professor',389526,'Philippe.Mulcock','Customer.801'),(10000801,'Kiley','Hanselmann','khanselmannm9@wordpress.com','40 Carioca Avenue','590526','85552310','1917-09-14','Jabbertype','Staff Accountant IV',443097,'Kiley.Hanselmann','Customer.802'),(10000802,'Jethro','Cornwall','jcornwallma@scribd.com','27030 Arapahoe Trail','818115','85550039','1983-08-27','Demivee','Office Assistant I',428982,'Jethro.Cornwall','Customer.803'),(10000803,'Rena','Ridulfo','rridulfomb@homestead.com','2 Hagan Point','586919','95559836','1985-11-27','Livepath','Actuary',328539,'Rena.Ridulfo','Customer.804'),(10000804,'Letisha','Punchard','lpunchardmc@dell.com','56 Clarendon Junction','686143','95554158','1972-07-12','Rooxo','Geological Engineer',26194,'Letisha.Punchard','Customer.805'),(10000805,'Jaquelyn','Thelwll','jthelwllmd@mysql.com','3588 Montana Drive','432379','85555704','1939-04-15','Eabox','Database Administrator II',343992,'Jaquelyn.Thelwll','Customer.806'),(10000806,'Kelci','Albers','kalbersme@clickbank.net','4981 Bayside Way','234860','85558878','1987-03-29','Kwimbee','Software Engineer III',35067,'Kelci.Albers','Customer.807'),(10000807,'Thane','McUre','tmcuremf@istockphoto.com','7501 Memorial Plaza','165869','85559123','2006-02-06','Skalith','Legal Assistant',297137,'Thane.McUre','Customer.808'),(10000808,'Byrann','Alonso','balonsomg@cbc.ca','24 Haas Terrace','031141','95555165','1926-08-05','Trilia','Marketing Manager',352862,'Byrann.Alonso','Customer.809'),(10000809,'Beverley','Brugmann','bbrugmannmh@exblog.jp','1249 Service Trail','557233','85550937','1952-01-05','Demimbu','Quality Control Specialist',389513,'Beverley.Brugmann','Customer.810'),(10000810,'Dode','Karpenko','dkarpenkomi@ask.com','1268 Canary Junction','862995','85558126','1950-04-13','Dynava','Teacher',73482,'Dode.Karpenko','Customer.811'),(10000811,'Alfonse','Oldman','aoldmanmj@google.ru','97 Judy Hill','298732','95554184','2001-05-24','Minyx','Analyst Programmer',409734,'Alfonse.Oldman','Customer.812'),(10000812,'Cammy','Smythin','csmythinmk@psu.edu','13839 Birchwood Pass','286956','85556427','1924-01-03','Jabbersphere','Registered Nurse',298364,'Cammy.Smythin','Customer.813'),(10000813,'Jacinda','de Werk','jdewerkml@people.com.cn','38039 Oriole Pass','185442','95550733','1916-07-30','Skyndu','VP Marketing',429647,'Jacinda.de Werk','Customer.814'),(10000814,'Elysha','Hannen','ehannenmm@thetimes.co.uk','57284 Kipling Lane','136481','85559501','1935-10-29','Babbleblab','Sales Associate',110280,'Elysha.Hannen','Customer.815'),(10000815,'Ranee','Rawstron','rrawstronmn@flickr.com','52503 Steensland Park','709685','95557213','2008-02-05','Skaboo','Internal Auditor',389890,'Ranee.Rawstron','Customer.816'),(10000816,'Wit','Pottery','wpotterymo@creativecommons.org','2 Pankratz Alley','986266','85558311','1922-04-25','Skiba','Graphic Designer',129650,'Wit.Pottery','Customer.817'),(10000817,'Harbert','Barrowcliff','hbarrowcliffmp@opensource.org','4392 Beilfuss Road','798862','95558982','1964-08-06','Blogspan','Marketing Manager',25860,'Harbert.Barrowcliff','Customer.818'),(10000818,'Rhianon','Scholl','rschollmq@youtu.be','26 Bluestem Drive','051258','95553103','1948-07-20','Jabbersphere','Geologist I',466363,'Rhianon.Scholl','Customer.819'),(10000819,'Butch','Miskin','bmiskinmr@weibo.com','17952 Ohio Parkway','368268','95554865','1926-03-18','Dynava','Technical Writer',439634,'Butch.Miskin','Customer.820'),(10000820,'Sarajane','Tortoishell','stortoishellms@cbsnews.com','6354 Steensland Trail','907799','95558138','1938-06-24','Divape','Business Systems Development Analyst',254783,'Sarajane.Tortoishell','Customer.821'),(10000821,'Nora','Goult','ngoultmt@senate.gov','26359 Sommers Plaza','670334','85553554','1921-11-24','Feedfish','Developer IV',402125,'Nora.Goult','Customer.822'),(10000822,'Cymbre','Dumbellow','cdumbellowmu@mail.ru','2548 School Hill','875107','95552033','1936-12-30','Einti','Financial Analyst',168680,'Cymbre.Dumbellow','Customer.823'),(10000823,'Morganica','Bourtoumieux','mbourtoumieuxmv@washington.edu','24 Waxwing Avenue','431456','85554454','1975-06-05','Jetwire','Account Representative III',459449,'Morganica.Bourtoumieux','Customer.824'),(10000824,'Westbrooke','Cammis','wcammismw@marketwatch.com','89902 Monument Hill','400541','95550550','1927-10-26','Skaboo','Environmental Tech',160047,'Westbrooke.Cammis','Customer.825'),(10000825,'Kamillah','Polon','kpolonmx@hp.com','2868 Pierstorff Street','836892','85554437','1952-06-03','Trilith','Human Resources Manager',468756,'Kamillah.Polon','Customer.826'),(10000826,'Camille','Tickner','cticknermy@studiopress.com','06422 2nd Street','446028','85557339','1963-05-25','Buzzster','Web Designer III',66969,'Camille.Tickner','Customer.827'),(10000827,'Loella','Llewellen','lllewellenmz@livejournal.com','8941 Riverside Pass','519123','95554019','1973-06-06','Thoughtsphere','Environmental Specialist',116271,'Loella.Llewellen','Customer.828'),(10000828,'Linzy','Monson','lmonsonn0@storify.com','4948 Lotheville Terrace','820194','95551046','1953-07-31','Eayo','Food Chemist',385303,'Linzy.Monson','Customer.829'),(10000829,'Willette','Busson','wbussonn1@google.ca','48787 Loomis Road','392205','95553921','1912-10-25','Divape','Software Test Engineer II',98477,'Willette.Busson','Customer.830'),(10000830,'Jeffie','Luchetti','jluchettin2@mysql.com','88 Bluestem Hill','368710','95557315','1956-09-27','Quamba','Structural Analysis Engineer',169951,'Jeffie.Luchetti','Customer.831'),(10000831,'Charlean','Vaudre','cvaudren3@usda.gov','88410 Oak Valley Terrace','621517','95559547','1967-03-16','Avamm','Data Coordiator',89361,'Charlean.Vaudre','Customer.832'),(10000832,'Benjy','Rickasse','brickassen4@sfgate.com','07434 Lunder Place','547379','95557703','1953-12-14','Tagcat','Registered Nurse',35884,'Benjy.Rickasse','Customer.833'),(10000833,'Euell','McKnish','emcknishn5@ucoz.ru','2 Luster Court','530339','95555814','1981-11-06','Innotype','Help Desk Technician',73633,'Euell.McKnish','Customer.834'),(10000834,'Mortie','Morrieson','mmorriesonn6@msn.com','4699 North Court','155782','85551705','2003-05-05','Meeveo','Geologist I',193325,'Mortie.Morrieson','Customer.835'),(10000835,'Mureil','Petegree','mpetegreen7@mozilla.org','6 Upham Way','834674','85555244','1919-10-03','Teklist','Chemical Engineer',412252,'Mureil.Petegree','Customer.836'),(10000836,'Sabine','Woodyear','swoodyearn8@hatena.ne.jp','407 Huxley Lane','740187','95558080','1952-11-20','Ooba','Health Coach IV',191979,'Sabine.Woodyear','Customer.837'),(10000837,'Jami','Stamps','jstampsn9@instagram.com','7048 Kings Court','824082','95558990','1916-02-16','Bluejam','Analyst Programmer',446270,'Jami.Stamps','Customer.838'),(10000838,'Raymond','McAnalley','rmcanalleyna@example.com','454 Tennyson Way','032636','85554275','1974-02-13','DabZ','Recruiting Manager',387682,'Raymond.McAnalley','Customer.839'),(10000839,'Judas','Thornber','jthornbernb@washingtonpost.com','1937 Utah Plaza','009249','95555803','1949-08-15','Riffwire','Geological Engineer',386116,'Judas.Thornber','Customer.840'),(10000840,'Jemmie','Muldownie','jmuldownienc@merriam-webster.com','878 Corben Trail','352008','95551866','1981-01-20','Roomm','Systems Administrator III',245957,'Jemmie.Muldownie','Customer.841'),(10000841,'Gradey','Ringrose','gringrosend@yelp.com','123 4th Point','777688','85550858','1951-06-12','Divape','Product Engineer',254952,'Gradey.Ringrose','Customer.842'),(10000842,'Rosco','Ivetts','rivettsne@google.cn','91 Mesta Circle','006928','85552835','1958-03-24','Camido','Community Outreach Specialist',90737,'Rosco.Ivetts','Customer.843'),(10000843,'Gisela','Sichardt','gsichardtnf@purevolume.com','1 Quincy Plaza','041045','95559130','1963-12-23','Oyondu','Staff Accountant I',194194,'Gisela.Sichardt','Customer.844'),(10000844,'Ardra','Rives','arivesng@skype.com','71752 Delaware Drive','071083','95555698','1949-03-01','Browsecat','Environmental Tech',412775,'Ardra.Rives','Customer.845'),(10000845,'Matti','Czajkowski','mczajkowskinh@reddit.com','47 Eagan Place','390759','95552169','2000-09-20','Omba','Pharmacist',318878,'Matti.Czajkowski','Customer.846'),(10000846,'Nana','Larrosa','nlarrosani@pinterest.com','42 Clyde Gallagher Hill','244121','95557052','1917-03-28','Linkbridge','Recruiter',177745,'Nana.Larrosa','Customer.847'),(10000847,'Borg','McCully','bmccullynj@tumblr.com','33274 Westend Junction','202612','95553156','1970-04-08','Skyba','Quality Control Specialist',381862,'Borg.McCully','Customer.848'),(10000848,'Barney','Blackston','bblackstonnk@princeton.edu','23323 Redwing Drive','777440','95551341','2010-07-07','Digitube','Software Consultant',407584,'Barney.Blackston','Customer.849'),(10000849,'Bobbe','Offner','boffnernl@imageshack.us','479 Carpenter Point','472014','95554259','1951-07-24','Shuffledrive','Senior Financial Analyst',207861,'Bobbe.Offner','Customer.850'),(10000850,'Eve','Meachen','emeachennm@miitbeian.gov.cn','954 John Wall Drive','922714','95552937','2009-03-08','Thoughtsphere','Junior Executive',368563,'Eve.Meachen','Customer.851'),(10000851,'Darsie','Gilbeart','dgilbeartnn@etsy.com','7 Pine View Avenue','725047','95557820','1956-05-11','Roomm','Cost Accountant',299071,'Darsie.Gilbeart','Customer.852'),(10000852,'Clementine','Dorsett','cdorsettno@archive.org','984 Kedzie Road','305301','85557011','1994-05-15','Miboo','Administrative Officer',178787,'Clementine.Dorsett','Customer.853'),(10000853,'Romola','Kleingrub','rkleingrubnp@wufoo.com','0157 Ridge Oak Park','159557','85551203','1936-06-24','BlogXS','Marketing Assistant',188437,'Romola.Kleingrub','Customer.854'),(10000854,'Raquel','Grinov','rgrinovnq@hatena.ne.jp','02260 Kennedy Trail','798219','85555464','1995-04-08','Yata','Senior Cost Accountant',386693,'Raquel.Grinov','Customer.855'),(10000855,'Vinnie','Baccup','vbaccupnr@simplemachines.org','57 Bultman Park','283937','85550206','1985-11-03','Tagcat','Junior Executive',263912,'Vinnie.Baccup','Customer.856'),(10000856,'Titus','Dudley','tdudleyns@unesco.org','1175 Truax Alley','617003','95557630','2009-06-22','Eamia','Account Representative II',402388,'Titus.Dudley','Customer.857'),(10000857,'Mona','Greenaway','mgreenawaynt@cam.ac.uk','372 Armistice Alley','298398','85554724','1980-08-21','Demivee','Occupational Therapist',287249,'Mona.Greenaway','Customer.858'),(10000858,'Juditha','Trighton','jtrightonnu@reddit.com','9 Warner Parkway','035462','95558554','2006-02-28','Jabbersphere','Professor',435372,'Juditha.Trighton','Customer.859'),(10000859,'Michelina','Hubbard','mhubbardnv@imgur.com','073 Donald Crossing','204245','85555574','1916-10-09','Dynabox','Junior Executive',217554,'Michelina.Hubbard','Customer.860'),(10000860,'Camel','Gouly','cgoulynw@vk.com','50175 Lerdahl Circle','374531','95555577','1994-01-01','Mydo','Pharmacist',52469,'Camel.Gouly','Customer.861'),(10000861,'Wilbur','Ackhurst','wackhurstnx@barnesandnoble.com','950 Sunfield Road','145559','85553769','2005-09-01','Mynte','Dental Hygienist',378917,'Wilbur.Ackhurst','Customer.862'),(10000862,'Vincenty','Mazin','vmazinny@ucla.edu','80 South Park','354731','95557512','1997-01-21','Meezzy','Junior Executive',392598,'Vincenty.Mazin','Customer.863'),(10000863,'Ricki','Leyband','rleybandnz@nhs.uk','83 Moland Pass','218294','85554911','1912-04-18','Skynoodle','Desktop Support Technician',356579,'Ricki.Leyband','Customer.864'),(10000864,'Pearl','Shawley','pshawleyo0@ycombinator.com','042 South Parkway','738953','95551664','1955-11-23','Leenti','Media Manager II',326275,'Pearl.Shawley','Customer.865'),(10000865,'Patton','Jacmard','pjacmardo1@networkadvertising.org','40 Meadow Ridge Pass','990932','95556335','2010-12-30','Aibox','Financial Analyst',99740,'Patton.Jacmard','Customer.866'),(10000866,'Titos','Lorenzetto','tlorenzettoo2@wikimedia.org','460 Continental Way','092886','95555572','1930-01-27','Browsecat','Physical Therapy Assistant',94492,'Titos.Lorenzetto','Customer.867'),(10000867,'Doralia','Akred','dakredo3@si.edu','2354 Loeprich Hill','519278','95552942','1971-12-29','Skinix','Dental Hygienist',359973,'Doralia.Akred','Customer.868'),(10000868,'Vinita','Woofinden','vwoofindeno4@wikispaces.com','8 Columbus Crossing','306440','85552727','1928-10-21','Tavu','Paralegal',244411,'Vinita.Woofinden','Customer.869'),(10000869,'Micky','Scedall','mscedallo5@intel.com','954 Lindbergh Trail','055930','85553649','1954-01-12','Thoughtworks','Developer II',174059,'Micky.Scedall','Customer.870'),(10000870,'Dusty','Pourveer','dpourveero6@youtube.com','19512 Bluejay Terrace','952796','85553459','1912-05-11','Skyba','Sales Representative',464840,'Dusty.Pourveer','Customer.871'),(10000871,'Starr','Bearman','sbearmano7@dagondesign.com','88094 Nobel Place','660661','85553727','1972-10-15','Lazz','Clinical Specialist',258522,'Starr.Bearman','Customer.872'),(10000872,'Brenna','Craufurd','bcraufurdo8@businessinsider.com','04 Luster Place','318099','95555920','1996-03-24','Voonder','Assistant Professor',440117,'Brenna.Craufurd','Customer.873'),(10000873,'Bettina','Ferrillio','bferrillioo9@gmpg.org','2139 Everett Center','522647','85558173','1944-01-03','Fadeo','Community Outreach Specialist',478285,'Bettina.Ferrillio','Customer.874'),(10000874,'Brien','Draijer','bdraijeroa@theatlantic.com','65926 Westport Point','822278','95555455','1946-04-14','Edgetag','Senior Sales Associate',392112,'Brien.Draijer','Customer.875'),(10000875,'Lenora','Neeves','lneevesob@senate.gov','19530 Crescent Oaks Center','186982','95550969','1969-05-05','Buzzbean','Product Engineer',301782,'Lenora.Neeves','Customer.876'),(10000876,'Llewellyn','McKean','lmckeanoc@dion.ne.jp','57005 Hoard Trail','336935','85556594','1995-09-18','Dynabox','Clinical Specialist',195745,'Llewellyn.McKean','Customer.877'),(10000877,'Chelsea','Lasseter','classeterod@freewebs.com','186 Maryland Court','935115','85551270','1996-07-22','Fivechat','Software Consultant',414808,'Chelsea.Lasseter','Customer.878'),(10000878,'Brunhilde','Sirrell','bsirrelloe@latimes.com','07710 Commercial Park','262590','85552774','1979-03-23','Topicstorm','Paralegal',214929,'Brunhilde.Sirrell','Customer.879'),(10000879,'Sonni','Janek','sjanekof@bluehost.com','0778 Stuart Road','992430','85552397','1960-03-10','Zoozzy','Senior Editor',78095,'Sonni.Janek','Customer.880'),(10000880,'Corrie','Cowey','ccoweyog@jalbum.net','2704 Tony Place','708598','85550040','2008-11-15','Ntag','Administrative Officer',305278,'Corrie.Cowey','Customer.881'),(10000881,'Bing','Retallack','bretallackoh@miitbeian.gov.cn','035 Pleasure Alley','323240','85555596','1947-05-01','Buzzster','Account Coordinator',257509,'Bing.Retallack','Customer.882'),(10000882,'Henka','Clymer','hclymeroi@imageshack.us','5 Sachtjen Parkway','013445','85554602','1920-06-03','Skinder','Occupational Therapist',342618,'Henka.Clymer','Customer.883'),(10000883,'Horten','Ransome','hransomeoj@ft.com','051 Rockefeller Drive','429266','85556274','1939-12-06','Skiptube','Desktop Support Technician',109876,'Horten.Ransome','Customer.884'),(10000884,'Orion','Knewstub','oknewstubok@blogger.com','7471 North Drive','465643','85558925','1960-10-13','Wordware','Computer Systems Analyst II',70340,'Orion.Knewstub','Customer.885'),(10000885,'Antin','Botten','abottenol@ameblo.jp','77876 Darwin Park','401693','95557927','1932-07-06','Skimia','Marketing Manager',414024,'Antin.Botten','Customer.886'),(10000886,'Gavan','Behr','gbehrom@hatena.ne.jp','5303 Esker Plaza','913435','85556031','1954-10-21','Topicstorm','Administrative Assistant III',285192,'Gavan.Behr','Customer.887'),(10000887,'Paulo','Arrigucci','parriguccion@discuz.net','14 Blue Bill Park Court','358378','95554712','1946-09-24','Topicshots','Software Consultant',167108,'Paulo.Arrigucci','Customer.888'),(10000888,'Annamarie','McLauchlin','amclauchlinoo@mail.ru','86654 Longview Center','269016','95557861','1971-08-06','Dynazzy','Chief Design Engineer',220211,'Annamarie.McLauchlin','Customer.889'),(10000889,'Rora','Maskrey','rmaskreyop@sfgate.com','8062 Cody Lane','473326','95557716','1958-12-24','Rhybox','Developer I',389447,'Rora.Maskrey','Customer.890'),(10000890,'Adrian','Plester','aplesteroq@dion.ne.jp','69 Nevada Park','633429','95559220','1913-08-07','Oyonder','Assistant Manager',449589,'Adrian.Plester','Customer.891'),(10000891,'Mendel','O\'Lunny','molunnyor@i2i.jp','6750 Forest Drive','636051','85559924','1926-04-02','Meejo','Systems Administrator I',413770,'Mendel.O\'Lunny','Customer.892'),(10000892,'Field','Dable','fdableos@deliciousdays.com','95 Annamark Point','810491','85559783','1994-10-21','Centizu','Recruiting Manager',341521,'Field.Dable','Customer.893'),(10000893,'Melva','Jellyman','mjellymanot@apple.com','3819 Bartillon Drive','873093','95555214','1973-09-09','Shuffletag','Help Desk Operator',460796,'Melva.Jellyman','Customer.894'),(10000894,'Trixy','Chedzoy','tchedzoyou@nhs.uk','71964 Union Place','378672','95557537','1986-05-09','Jaxspan','Civil Engineer',336978,'Trixy.Chedzoy','Customer.895'),(10000895,'Gretel','Fillon','gfillonov@discuz.net','44716 Algoma Center','510749','85550356','2008-03-22','Riffpedia','Design Engineer',307852,'Gretel.Fillon','Customer.896'),(10000896,'Christiana','Kernell','ckernellow@mlb.com','65 Truax Court','651066','85557615','1963-02-26','Twitterworks','Senior Quality Engineer',288821,'Christiana.Kernell','Customer.897'),(10000897,'Dick','Licquorish','dlicquorishox@linkedin.com','13 Tomscot Parkway','272675','95555461','1955-07-18','Vimbo','Occupational Therapist',289196,'Dick.Licquorish','Customer.898'),(10000898,'Hewitt','Denzilow','hdenzilowoy@bravesites.com','576 Marquette Parkway','082112','95558055','1983-09-27','Yodo','VP Sales',320221,'Hewitt.Denzilow','Customer.899'),(10000899,'Margarita','Sabate','msabateoz@dyndns.org','4 Lakewood Gardens Court','157084','95558372','1931-02-26','Zooveo','Associate Professor',147418,'Margarita.Sabate','Customer.900'),(10000900,'Carmine','Goad','cgoadp0@fotki.com','440 Towne Point','360530','85556854','1932-07-23','Flashdog','Nurse Practicioner',157966,'Carmine.Goad','Customer.901'),(10000901,'Bobette','Tibbs','btibbsp1@zdnet.com','92496 Summit Alley','820198','85551290','1997-09-25','Kayveo','Structural Engineer',448471,'Bobette.Tibbs','Customer.902'),(10000902,'Brandyn','Ivanikov','bivanikovp2@mapquest.com','309 Lukken Way','591245','85555406','1984-02-14','Wikivu','Statistician IV',322342,'Brandyn.Ivanikov','Customer.903'),(10000903,'Lanie','Thebes','lthebesp3@linkedin.com','42771 Mallard Court','581936','85552969','1932-02-19','Eidel','Biostatistician III',88914,'Lanie.Thebes','Customer.904'),(10000904,'Leonidas','Stiling','lstilingp4@infoseek.co.jp','3 Kropf Way','238495','95551453','1927-10-31','JumpXS','Director of Sales',414982,'Leonidas.Stiling','Customer.905'),(10000905,'Dulciana','Farrear','dfarrearp5@wikia.com','0 Atwood Alley','523514','95556874','1980-04-21','Voomm','Help Desk Technician',99592,'Dulciana.Farrear','Customer.906'),(10000906,'Kiersten','Swinbourne','kswinbournep6@alexa.com','034 Grover Park','447709','85559438','1955-06-07','Quaxo','Physical Therapy Assistant',200907,'Kiersten.Swinbourne','Customer.907'),(10000907,'Maurise','Attaway','mattawayp7@newyorker.com','48 Nova Street','965625','85553447','1967-05-19','Yodo','Automation Specialist III',33495,'Maurise.Attaway','Customer.908'),(10000908,'Roda','Copeland','rcopelandp8@livejournal.com','87 Maple Wood Lane','735171','95553075','1983-01-23','Photojam','Software Test Engineer I',148278,'Roda.Copeland','Customer.909'),(10000909,'Barclay','Mapowder','bmapowderp9@ebay.com','1391 Moland Avenue','753325','85557590','1937-06-03','Realpoint','Product Engineer',68234,'Barclay.Mapowder','Customer.910'),(10000910,'Lem','Iseton','lisetonpa@cargocollective.com','82218 Crowley Park','628143','95556129','1996-02-12','Tazz','Nurse',83707,'Lem.Iseton','Customer.911'),(10000911,'Kippy','Tolworth','ktolworthpb@google.co.uk','7804 Carberry Pass','413178','95551182','1990-01-26','Roombo','Accountant III',462335,'Kippy.Tolworth','Customer.912'),(10000912,'Emmey','Broadbere','ebroadberepc@statcounter.com','4952 Texas Alley','827966','95550570','1978-03-05','Skalith','Developer II',399139,'Emmey.Broadbere','Customer.913'),(10000913,'Cam','Jagielski','cjagielskipd@nsw.gov.au','5 Elka Parkway','597536','85557281','1916-11-19','Dabshots','Graphic Designer',236087,'Cam.Jagielski','Customer.914'),(10000914,'Hamlin','Clymer','hclymerpe@so-net.ne.jp','2 Mariners Cove Park','896470','85557448','1953-01-22','Brainsphere','Marketing Manager',330900,'Hamlin.Clymer','Customer.915'),(10000915,'Anneliese','McCerery','amccererypf@storify.com','43 Blaine Park','093299','95559915','1959-04-04','Flipopia','VP Product Management',379395,'Anneliese.McCerery','Customer.916'),(10000916,'Jeffie','Marven','jmarvenpg@amazon.de','96 Stuart Court','823225','85555390','1946-05-29','Photolist','Quality Engineer',398337,'Jeffie.Marven','Customer.917'),(10000917,'Amelina','Rosbrough','arosbroughph@cmu.edu','69 Evergreen Court','829936','85550173','1919-01-23','Bluezoom','Web Designer III',154132,'Amelina.Rosbrough','Customer.918'),(10000918,'Rania','Guyet','rguyetpi@tinypic.com','130 Valley Edge Circle','612015','95554559','1966-09-08','Topiclounge','Technical Writer',303039,'Rania.Guyet','Customer.919'),(10000919,'Humbert','Petett','hpetettpj@washingtonpost.com','234 Schurz Trail','176039','95554063','1923-09-29','Eadel','Technical Writer',261233,'Humbert.Petett','Customer.920'),(10000920,'Haleigh','McKissack','hmckissackpk@xing.com','8551 Donald Trail','785481','95559487','1968-12-01','Buzzdog','Physical Therapy Assistant',204462,'Haleigh.McKissack','Customer.921'),(10000921,'Clair','McKeighen','cmckeighenpl@usatoday.com','79786 Green Ridge Pass','521643','85554269','1939-08-05','Avaveo','Product Engineer',452597,'Clair.McKeighen','Customer.922'),(10000922,'Elinor','Kampshell','ekampshellpm@aboutads.info','674 Scofield Lane','236359','85551516','1962-08-23','Gigabox','Financial Analyst',438647,'Elinor.Kampshell','Customer.923'),(10000923,'Shep','Winear','swinearpn@wikispaces.com','60926 Schlimgen Alley','125233','85550777','1962-02-24','Youbridge','Environmental Tech',381209,'Shep.Winear','Customer.924'),(10000924,'Adina','Merrikin','amerrikinpo@hibu.com','34505 Petterle Terrace','629726','85556769','1923-07-22','Npath','Data Coordiator',44190,'Adina.Merrikin','Customer.925'),(10000925,'Danny','Ashurst','dashurstpp@sciencedirect.com','770 Heath Court','374030','95557133','1980-03-16','Realpoint','VP Marketing',66326,'Danny.Ashurst','Customer.926'),(10000926,'Baxter','Whatley','bwhatleypq@studiopress.com','563 Jana Trail','179279','95551684','1995-08-04','Babbleblab','Safety Technician II',286160,'Baxter.Whatley','Customer.927'),(10000927,'Verena','Vassay','vvassaypr@github.io','3 Ridgeview Avenue','337880','85557510','1996-10-25','Digitube','Web Developer I',166809,'Verena.Vassay','Customer.928'),(10000928,'Clayson','Lomax','clomaxps@sakura.ne.jp','66939 Johnson Center','908397','95553095','1936-07-22','Zazio','Sales Associate',335598,'Clayson.Lomax','Customer.929'),(10000929,'Randall','Wehner','rwehnerpt@intel.com','54928 Parkside Parkway','283568','85558404','1986-05-05','Zoombox','Account Representative IV',474880,'Randall.Wehner','Customer.930'),(10000930,'Elijah','Jansema','ejansemapu@meetup.com','03855 Hooker Center','608962','95557344','1947-03-27','Oba','Budget/Accounting Analyst I',207399,'Elijah.Jansema','Customer.931'),(10000931,'Garwin','Usher','gusherpv@walmart.com','8 Shasta Road','673439','85556174','1922-05-02','Thoughtblab','Account Coordinator',287890,'Garwin.Usher','Customer.932'),(10000932,'Janey','Keepin','jkeepinpw@buzzfeed.com','34 Dwight Point','502196','95550277','1933-06-17','Eare','Research Assistant IV',212175,'Janey.Keepin','Customer.933'),(10000933,'Lezley','Robichon','lrobichonpx@trellian.com','75 Carioca Point','282016','85550789','1927-04-18','Buzzshare','Automation Specialist III',288811,'Lezley.Robichon','Customer.934'),(10000934,'Huey','Espley','hespleypy@ameblo.jp','327 Luster Circle','469285','85557246','1928-12-15','Katz','Engineer I',293719,'Huey.Espley','Customer.935'),(10000935,'Sigfrid','Duddell','sduddellpz@istockphoto.com','6 Comanche Way','127972','85552445','1962-02-18','Voonder','Recruiting Manager',174720,'Sigfrid.Duddell','Customer.936'),(10000936,'Halli','Mallia','hmalliaq0@spiegel.de','62390 Alpine Terrace','107000','95552691','2010-11-07','Katz','Engineer III',143369,'Halli.Mallia','Customer.937'),(10000937,'Haleigh','Glassard','hglassardq1@list-manage.com','2 Pine View Way','780078','95555143','1959-01-15','Katz','Associate Professor',105311,'Haleigh.Glassard','Customer.938'),(10000938,'Ted','Croll','tcrollq2@google.ru','7 Nobel Way','341178','85558505','1994-03-03','Buzzbean','Research Associate',79947,'Ted.Croll','Customer.939'),(10000939,'Tad','Lacky','tlackyq3@unblog.fr','8508 3rd Trail','539805','95552274','1921-12-01','Jaxnation','Engineer III',377994,'Tad.Lacky','Customer.940'),(10000940,'Kalil','Jonin','kjoninq4@yellowbook.com','745 Randy Trail','322963','95552687','2003-11-16','Blognation','Marketing Manager',385064,'Kalil.Jonin','Customer.941'),(10000941,'Harbert','Scottesmoor','hscottesmoorq5@tmall.com','72687 Kingsford Way','157108','95557085','1961-06-06','Feednation','Recruiter',437979,'Harbert.Scottesmoor','Customer.942'),(10000942,'Lennie','Tingle','ltingleq6@symantec.com','37 Florence Lane','470312','95559545','1988-10-10','Kazio','Systems Administrator II',450630,'Lennie.Tingle','Customer.943'),(10000943,'Bobby','Bicker','bbickerq7@a8.net','6 Straubel Point','127892','95558228','1983-02-03','Ozu','Dental Hygienist',267077,'Bobby.Bicker','Customer.944'),(10000944,'Caryn','Gersam','cgersamq8@typepad.com','47673 Village Avenue','267409','95553614','1914-06-04','Livepath','Graphic Designer',460189,'Caryn.Gersam','Customer.945'),(10000945,'Erminia','Warstall','ewarstallq9@weebly.com','268 Weeping Birch Crossing','039331','95553609','1945-08-09','Dynava','Nurse Practicioner',419678,'Erminia.Warstall','Customer.946'),(10000946,'Patti','Burkill','pburkillqa@de.vu','96 Arkansas Center','215934','95550108','1992-06-15','Cogidoo','Data Coordiator',78578,'Patti.Burkill','Customer.947'),(10000947,'Hershel','Banasik','hbanasikqb@unicef.org','7 7th Alley','124443','85554312','1992-09-18','Browsebug','Physical Therapy Assistant',159889,'Hershel.Banasik','Customer.948'),(10000948,'Leo','Carmody','lcarmodyqc@pen.io','21164 Ridge Oak Junction','059022','95557449','1942-09-15','Riffpath','Geologist I',373719,'Leo.Carmody','Customer.949'),(10000949,'Celka','Chapellow','cchapellowqd@vk.com','13 Starling Center','513913','95556842','2009-08-07','Yakijo','Professor',229964,'Celka.Chapellow','Customer.950'),(10000950,'Queenie','Beament','qbeamentqe@bbc.co.uk','5 Dunning Hill','994624','95554013','1965-01-10','Bubbletube','Account Representative II',361139,'Queenie.Beament','Customer.951'),(10000951,'Ingamar','McLarens','imclarensqf@privacy.gov.au','18903 Oak Parkway','603027','95550755','1974-05-10','Shuffletag','Legal Assistant',152734,'Ingamar.McLarens','Customer.952'),(10000952,'Hazel','Linke','hlinkeqg@ycombinator.com','50 Hallows Parkway','437413','95554239','1932-04-24','Photobug','Senior Developer',208356,'Hazel.Linke','Customer.953'),(10000953,'Gabi','Pritchett','gpritchettqh@google.com.au','687 Hoard Trail','396570','95556406','1964-11-15','Omba','Tax Accountant',230544,'Gabi.Pritchett','Customer.954'),(10000954,'Breena','BoHlingolsen','bbohlingolsenqi@fotki.com','9 Independence Hill','011602','95550832','1938-04-13','Snaptags','Senior Quality Engineer',356230,'Breena.BoHlingolsen','Customer.955'),(10000955,'Kaitlin','Wrightam','kwrightamqj@studiopress.com','8133 Old Shore Circle','775720','95556850','1999-08-01','Meemm','Office Assistant II',429952,'Kaitlin.Wrightam','Customer.956'),(10000956,'Patton','Janko','pjankoqk@globo.com','0700 Sheridan Street','848297','85551247','1968-08-12','Flipstorm','Senior Editor',297863,'Patton.Janko','Customer.957'),(10000957,'Zebulon','Hathorn','zhathornql@odnoklassniki.ru','43244 Superior Trail','108486','95558956','1946-04-01','Feednation','Health Coach II',284208,'Zebulon.Hathorn','Customer.958'),(10000958,'Matthaeus','Lenox','mlenoxqm@dyndns.org','74 Columbus Pass','988819','85551191','1923-12-25','InnoZ','Software Test Engineer II',69439,'Matthaeus.Lenox','Customer.959'),(10000959,'Wendel','Warrener','wwarrenerqn@deviantart.com','20150 Clarendon Center','802417','85558679','1996-09-15','Zava','Social Worker',261589,'Wendel.Warrener','Customer.960'),(10000960,'Neville','Duffie','nduffieqo@slate.com','47416 Roth Pass','050338','95558537','1929-03-17','Kazio','Data Coordiator',178853,'Neville.Duffie','Customer.961'),(10000961,'Barbra','Futcher','bfutcherqp@vistaprint.com','82021 Loomis Place','259499','95555090','1997-04-13','Mita','Systems Administrator I',365411,'Barbra.Futcher','Customer.962'),(10000962,'Raddy','Whaites','rwhaitesqq@de.vu','740 2nd Circle','675372','85551883','1968-01-18','Gigazoom','Product Engineer',346533,'Raddy.Whaites','Customer.963'),(10000963,'Arlyn','Dyster','adysterqr@people.com.cn','5 Weeping Birch Circle','838983','85555599','1966-03-11','Zooxo','VP Accounting',382365,'Arlyn.Dyster','Customer.964'),(10000964,'Costanza','Loving','clovingqs@utexas.edu','7214 Butterfield Place','897072','85559029','1935-05-26','Eayo','Senior Sales Associate',261579,'Costanza.Loving','Customer.965'),(10000965,'Micky','Besson','mbessonqt@360.cn','5140 Basil Avenue','045108','95556893','1990-08-09','Gabtune','Structural Engineer',407970,'Micky.Besson','Customer.966'),(10000966,'Molly','Lanfere','mlanferequ@paypal.com','98 Little Fleur Court','819623','85551516','1939-11-18','Yadel','Environmental Tech',260305,'Molly.Lanfere','Customer.967'),(10000967,'Fonzie','Priestman','fpriestmanqv@ycombinator.com','4897 Elgar Alley','651509','95554192','1959-03-15','Quinu','Professor',310183,'Fonzie.Priestman','Customer.968'),(10000968,'Lowell','Bennit','lbennitqw@yahoo.co.jp','1110 Pierstorff Street','315915','95559424','1956-11-21','Zooveo','Legal Assistant',373767,'Lowell.Bennit','Customer.969'),(10000969,'Kassey','Livezley','klivezleyqx@rediff.com','600 Banding Lane','326101','95556024','1965-08-30','Innotype','Software Engineer II',124043,'Kassey.Livezley','Customer.970'),(10000970,'Kimberli','Fritschmann','kfritschmannqy@51.la','2495 Autumn Leaf Drive','471026','85550739','2010-04-15','Browseblab','Geologist I',408674,'Kimberli.Fritschmann','Customer.971'),(10000971,'Brittne','Druitt','bdruittqz@businessweek.com','1846 1st Trail','357558','85551144','1912-01-05','Rhynyx','Marketing Manager',464812,'Brittne.Druitt','Customer.972'),(10000972,'Helaina','Di Pietro','hdipietror0@toplist.cz','7 Sachtjen Street','440381','85551509','2002-05-06','Tagtune','Mechanical Systems Engineer',269465,'Helaina.Di Pietro','Customer.973'),(10000973,'Weber','Gayne','wgayner1@amazon.de','516 Ruskin Circle','944615','95555918','1979-02-11','Geba','Developer I',61212,'Weber.Gayne','Customer.974'),(10000974,'Bartlett','Grindrod','bgrindrodr2@nasa.gov','97 Pearson Pass','729866','95559960','1993-10-29','Devcast','Engineer I',125915,'Bartlett.Grindrod','Customer.975'),(10000975,'Georgeanne','Nani','gnanir3@artisteer.com','8 Spaight Circle','734115','95556074','1970-06-12','Riffpedia','Account Representative III',285747,'Georgeanne.Nani','Customer.976'),(10000976,'Quinta','Cunliffe','qcunliffer4@vinaora.com','8865 Red Cloud Street','981787','85551234','1924-06-05','Reallinks','Teacher',79433,'Quinta.Cunliffe','Customer.977'),(10000977,'Clemmy','Winton','cwintonr5@cbsnews.com','29 Stone Corner Way','098659','95559831','1951-08-07','Shufflester','Programmer III',94593,'Clemmy.Winton','Customer.978'),(10000978,'Glyn','MacLachlan','gmaclachlanr6@bbc.co.uk','84 Pine View Terrace','737945','85559759','1920-09-14','Roomm','Marketing Manager',123087,'Glyn.MacLachlan','Customer.979'),(10000979,'Thorsten','Batrop','tbatropr7@senate.gov','40688 Barby Park','050131','85556456','1961-07-26','Dabjam','Assistant Professor',98877,'Thorsten.Batrop','Customer.980'),(10000980,'Marena','Pleavin','mpleavinr8@ow.ly','62073 Columbus Crossing','584450','85550193','1983-03-02','Meembee','Statistician I',37745,'Marena.Pleavin','Customer.981'),(10000981,'Payton','Caffin','pcaffinr9@feedburner.com','2466 Harbort Pass','362967','85554095','1929-08-16','Babblestorm','Computer Systems Analyst III',307286,'Payton.Caffin','Customer.982'),(10000982,'Immanuel','Peschka','ipeschkara@ucla.edu','7 Cody Street','238338','85556245','1959-10-16','Yacero','Marketing Manager',391972,'Immanuel.Peschka','Customer.983'),(10000983,'Arne','Mustoo','amustoorb@g.co','85533 Hanson Road','994720','95556023','1958-09-11','Livepath','Payment Adjustment Coordinator',455239,'Arne.Mustoo','Customer.984'),(10000984,'Dotti','Worham','dworhamrc@homestead.com','68507 Daystar Point','141378','85558241','1973-06-13','Livepath','Database Administrator I',105737,'Dotti.Worham','Customer.985'),(10000985,'Tomlin','Phythien','tphythienrd@theatlantic.com','9874 Lindbergh Way','845313','85557559','1951-02-16','Demivee','Research Nurse',123201,'Tomlin.Phythien','Customer.986'),(10000986,'Colver','Leatherland','cleatherlandre@tinypic.com','89 Aberg Road','692682','95553980','1929-06-12','Demizz','VP Quality Control',145144,'Colver.Leatherland','Customer.987'),(10000987,'Ashly','Pesterfield','apesterfieldrf@topsy.com','2 Kim Place','284516','95550496','1938-07-30','Topicware','Quality Control Specialist',71726,'Ashly.Pesterfield','Customer.988'),(10000988,'Shannan','Roakes','sroakesrg@lycos.com','25374 Miller Center','709701','95553170','1983-11-12','Trudoo','Marketing Manager',309284,'Shannan.Roakes','Customer.989'),(10000989,'Rubin','Tender','rtenderrh@princeton.edu','9436 Myrtle Circle','109963','85559176','1996-12-10','Eazzy','Graphic Designer',442116,'Rubin.Tender','Customer.990'),(10000990,'Travers','Timothy','ttimothyri@acquirethisname.com','0272 Eggendart Center','796006','95550052','2002-04-04','Voomm','Social Worker',196767,'Travers.Timothy','Customer.991'),(10000991,'Mitchael','McGarry','mmcgarryrj@skyrock.com','8109 Hovde Plaza','463625','85556628','1986-11-13','Trupe','Staff Scientist',398501,'Mitchael.McGarry','Customer.992'),(10000992,'Darsie','Vanshin','dvanshinrk@free.fr','7 Debra Street','270654','95550923','1943-11-12','Brightbean','Help Desk Technician',459273,'Darsie.Vanshin','Customer.993'),(10000993,'Latrina','Vella','lvellarl@hhs.gov','165 Springs Street','794309','95552624','1985-01-03','Kwilith','Marketing Assistant',239926,'Latrina.Vella','Customer.994'),(10000994,'Vaclav','Mertel','vmertelrm@cargocollective.com','127 Everett Lane','959103','95557958','2009-09-02','Photojam','Administrative Assistant III',413196,'Vaclav.Mertel','Customer.995'),(10000995,'Elise','Emmanueli','eemmanuelirn@mac.com','51 Fairfield Terrace','913866','95551282','1933-07-27','Topicblab','Automation Specialist II',315568,'Elise.Emmanueli','Customer.996'),(10000996,'Rance','Callum','rcallumro@livejournal.com','3 Hauk Street','927727','95551282','1971-03-02','Wordify','Graphic Designer',343463,'Rance.Callum','Customer.997'),(10000997,'Gizela','Babalola','gbabalolarp@gravatar.com','73 Comanche Court','306195','95554434','1981-10-08','Youopia','Internal Auditor',85138,'Gizela.Babalola','Customer.998'),(10000998,'Harp','Matuszkiewicz','hmatuszkiewiczrq@uiuc.edu','50712 Anhalt Drive','000001','95552555','1961-08-21','Trudeo','Graphic Designer',249811,'Harp.Matuszkiewicz','Customer.999'),(10000999,'Yoshiko','Strauss','ystraussrr@mail.ru','210 Monterey Pass','000098','92352555','1961-08-21','Safety Technician II','Associate Professor',24000,'Yoshiko.Strauss','Customer.1000');
/*!40000 ALTER TABLE `customer` ENABLE KEYS */;
UNLOCK TABLES;

--
-- Table structure for table `department`
--

DROP TABLE IF EXISTS `department`;
/*!40101 SET @saved_cs_client     = @@character_set_client */;
/*!40101 SET character_set_client = utf8 */;
CREATE TABLE `department` (
  `department_id` int(8) NOT NULL,
  `name` varchar(256) DEFAULT NULL,
  PRIMARY KEY (`department_id`),
  UNIQUE KEY `department_id_UNIQUE` (`department_id`)
) ENGINE=InnoDB DEFAULT CHARSET=latin1;
/*!40101 SET character_set_client = @saved_cs_client */;

--
-- Dumping data for table `department`
--

LOCK TABLES `department` WRITE;
/*!40000 ALTER TABLE `department` DISABLE KEYS */;
INSERT INTO `department` VALUES (20000000,'Education'),(20000001,'Personal'),(20000002,'Corperate');
/*!40000 ALTER TABLE `department` ENABLE KEYS */;
UNLOCK TABLES;

--
-- Table structure for table `loan`
--

DROP TABLE IF EXISTS `loan`;
/*!40101 SET @saved_cs_client     = @@character_set_client */;
/*!40101 SET character_set_client = utf8 */;
CREATE TABLE `loan` (
  `loan_id` int(8) NOT NULL,
  `loan_type_id` int(8) NOT NULL,
  `account_id` int(8) NOT NULL,
  `loan_amount` double unsigned DEFAULT NULL,
  `outstanding_amount` double unsigned DEFAULT NULL,
  `start_date` date DEFAULT NULL,
  `end_date` date DEFAULT NULL,
  `status` varchar(45) NOT NULL,
  `approver_id` int(8) DEFAULT NULL,
  `remarks` varchar(256) DEFAULT NULL,
  `date_of_application` date NOT NULL,
  `approved_on_date` date DEFAULT NULL,
  PRIMARY KEY (`loan_id`),
  UNIQUE KEY `loan_id_UNIQUE` (`loan_id`),
  KEY `l_account_id_idx` (`account_id`),
  KEY `l_loantype_id_idx` (`loan_type_id`),
  CONSTRAINT `l_account_id` FOREIGN KEY (`account_id`) REFERENCES `customer` (`cus_id`) ON DELETE NO ACTION ON UPDATE NO ACTION,
  CONSTRAINT `l_loantype_id` FOREIGN KEY (`loan_type_id`) REFERENCES `loan_type` (`loan_type_id`) ON DELETE NO ACTION ON UPDATE NO ACTION
) ENGINE=InnoDB DEFAULT CHARSET=latin1;
/*!40101 SET character_set_client = @saved_cs_client */;

--
-- Dumping data for table `loan`
--

LOCK TABLES `loan` WRITE;
/*!40000 ALTER TABLE `loan` DISABLE KEYS */;
INSERT INTO `loan` VALUES (60000000,50000000,10000000,4000,NULL,NULL,NULL,'new',NULL,NULL,'2019-10-01',NULL),(60000001,50000001,10000001,11000,10000,'2019-10-15','2020-10-15','approved',30000001,NULL,'2019-10-02','2019-10-05'),(60000002,50000000,10000002,13000,NULL,NULL,NULL,'rejected',30000024,NULL,'2019-10-03',NULL),(60000003,50000003,10000003,140000,NULL,NULL,NULL,'new',NULL,NULL,'2019-10-04',NULL),(60000004,50000004,10000004,210000,NULL,NULL,NULL,'rejected',30000009,'rejected due to low credit rating','2019-10-05',NULL),(60000005,50000005,10000005,1900000,NULL,NULL,NULL,'new',NULL,NULL,'2019-10-06',NULL),(60000006,50000006,10000006,2200000,2000000,'2019-10-15','2024-10-15','approved',30000014,NULL,'2019-10-07','2019-10-11'),(60000007,50000000,10000007,19000,NULL,NULL,NULL,'new',NULL,NULL,'2019-10-08',NULL),(60000008,50000001,10000008,24000,NULL,NULL,NULL,'new',NULL,NULL,'2019-10-09',NULL),(60000009,50000001,10000001,12000,10000,'2019-10-15','2020-10-15','approved',30000001,NULL,'2019-10-02','2019-10-05'),(60000010,50000001,10000001,15000,10000,'2019-10-15','2020-10-15','approved',30000017,NULL,'2019-10-02','2019-10-05');
/*!40000 ALTER TABLE `loan` ENABLE KEYS */;
UNLOCK TABLES;

--
-- Table structure for table `loan_type`
--

DROP TABLE IF EXISTS `loan_type`;
/*!40101 SET @saved_cs_client     = @@character_set_client */;
/*!40101 SET character_set_client = utf8 */;
CREATE TABLE `loan_type` (
  `loan_type_id` int(8) NOT NULL,
  `name` varchar(256) DEFAULT NULL,
  `description` varchar(516) DEFAULT NULL,
  `min_amount` double unsigned DEFAULT NULL,
  `max_amount` double unsigned DEFAULT NULL,
  `duration` int(11) unsigned DEFAULT NULL,
  `interest` double unsigned DEFAULT NULL,
  `last_interest` double unsigned DEFAULT NULL,
  `department_id` int(8) NOT NULL,
  PRIMARY KEY (`loan_type_id`),
  UNIQUE KEY `loan_type_id_UNIQUE` (`loan_type_id`),
  KEY `department_id_idx` (`department_id`),
  CONSTRAINT `lt_department_id` FOREIGN KEY (`department_id`) REFERENCES `department` (`department_id`) ON DELETE NO ACTION ON UPDATE NO ACTION
) ENGINE=InnoDB DEFAULT CHARSET=latin1;
/*!40101 SET character_set_client = @saved_cs_client */;

--
-- Dumping data for table `loan_type`
--

LOCK TABLES `loan_type` WRITE;
/*!40000 ALTER TABLE `loan_type` DISABLE KEYS */;
INSERT INTO `loan_type` VALUES (50000000,'Education Loan','For your education at a local, a private, or an overseas institution',1000,25000,8,5.17,NULL,20000000),(50000001,'Tuition Fee Loan','Subsidise up to 90% of your NUS, NTU, or NIE education',1000,25000,20,1,NULL,20000000),(50000002,'Study Loan','Fund up to 20% of the subsidised tuition fee payable',1000,25000,20,2,NULL,20000000),(50000003,'Flexible repayment','Choose how long and how much to repay on your outstanding balance',1000,250000,1,1.8,NULL,20000001),(50000004,'Fixed repayment','Affordable instalment loans from 12 months tenure and longer',1000,250000,5,0,NULL,20000001),(50000005,'Renovation loan','Borrow to support your renovation budget',1000,2500000,5,2.63,NULL,20000002),(50000006,'Construction loan','Borrow up to 75% of the cost to build your home',1000,2500000,10,2.5,NULL,20000002);
/*!40000 ALTER TABLE `loan_type` ENABLE KEYS */;
UNLOCK TABLES;

--
-- Table structure for table `payment`
--

DROP TABLE IF EXISTS `payment`;
/*!40101 SET @saved_cs_client     = @@character_set_client */;
/*!40101 SET character_set_client = utf8 */;
CREATE TABLE `payment` (
  `payment_id` int(8) NOT NULL,
  `transaction_id` int(8) NOT NULL,
  `loan_id` int(8) NOT NULL,
  `payment_amount` double unsigned DEFAULT NULL,
  `interest_rate` double unsigned DEFAULT NULL,
  `principal_amount` double unsigned DEFAULT NULL,
  `start_date` date DEFAULT NULL,
  `end_date` date DEFAULT NULL,
  `payment_frequency` int(11) DEFAULT NULL,
  PRIMARY KEY (`payment_id`),
  UNIQUE KEY `payment_id_UNIQUE` (`payment_id`),
  KEY `transaction_id_idx` (`transaction_id`),
  KEY `p_loan_id_idx` (`loan_id`),
  CONSTRAINT `p_loan_id` FOREIGN KEY (`loan_id`) REFERENCES `loan` (`loan_id`) ON DELETE NO ACTION ON UPDATE NO ACTION,
  CONSTRAINT `p_transaction_id` FOREIGN KEY (`transaction_id`) REFERENCES `transaction_type` (`transaction_type_id`) ON DELETE NO ACTION ON UPDATE NO ACTION
) ENGINE=InnoDB DEFAULT CHARSET=latin1;
/*!40101 SET character_set_client = @saved_cs_client */;

--
-- Dumping data for table `payment`
--

LOCK TABLES `payment` WRITE;
/*!40000 ALTER TABLE `payment` DISABLE KEYS */;
INSERT INTO `payment` VALUES (80000000,70000000,60000001,1000,NULL,11000,'2019-10-15','2019-11-15',1),(80000001,70000001,60000001,15,1.5,11000,'2019-10-15','2019-11-15',1),(80000002,70000000,60000006,200000,NULL,2200000,'2019-10-15','2019-11-15',1),(80000003,70000001,60000006,6000,3,2200000,'2019-10-15','2019-11-15',1),(80000004,70000002,60000006,100,NULL,2200000,'2019-10-15','2019-11-15',1);
/*!40000 ALTER TABLE `payment` ENABLE KEYS */;
UNLOCK TABLES;

--
-- Table structure for table `staff`
--

DROP TABLE IF EXISTS `staff`;
/*!40101 SET @saved_cs_client     = @@character_set_client */;
/*!40101 SET character_set_client = utf8 */;
CREATE TABLE `staff` (
  `staff_id` int(8) NOT NULL,
  `first_name` varchar(256) DEFAULT NULL,
  `last_name` varchar(256) DEFAULT NULL,
  `email` varchar(256) DEFAULT NULL,
  `position` varchar(256) DEFAULT NULL,
  `department_id` int(8) NOT NULL,
  `username` varchar(256) NOT NULL,
  `password` varchar(256) NOT NULL,
  PRIMARY KEY (`staff_id`),
  UNIQUE KEY `username_UNIQUE` (`username`),
  KEY `s_department_id_idx` (`department_id`),
  CONSTRAINT `s_department_id` FOREIGN KEY (`department_id`) REFERENCES `department` (`department_id`) ON DELETE NO ACTION ON UPDATE NO ACTION
) ENGINE=InnoDB DEFAULT CHARSET=latin1;
/*!40101 SET character_set_client = @saved_cs_client */;

--
-- Dumping data for table `staff`
--

LOCK TABLES `staff` WRITE;
/*!40000 ALTER TABLE `staff` DISABLE KEYS */;
INSERT INTO `staff` VALUES (30000000,'Alexandr','Warbrick','Alexandr.Warbrick@lms.com','Associate',20000000,'Alexandr.Warbrick','Staff.1'),(30000001,'Cyb','Grinvalds','Cyb.Grinvalds@lms.com','Analyst',20000000,'Cyb.Grinvalds','Staff.2'),(30000002,'Justen','O\'Feeny','Justen.O\'Feeny@lms.com','Manager',20000000,'Justen.O\'Feeny','Staff.3'),(30000003,'Carson','Mahomet','Carson.Mahomet@lms.com','Vice President',20000000,'Carson.Mahomet','Staff.4'),(30000004,'Leona','Sherman','Leona.Sherman@lms.com','President',20000000,'Leona.Sherman','Staff.5'),(30000005,'Emmalynne','Jauncey','Emmalynne.Jauncey@lms.com','Associate',20000001,'Emmalynne.Jauncey','Staff.6'),(30000006,'Hermine','Brotherwood','Hermine.Brotherwood@lms.com','Analyst',20000001,'Hermine.Brotherwood','Staff.7'),(30000007,'Tonnie','Cousen','Tonnie.Cousen@lms.com','Manager',20000001,'Tonnie.Cousen','Staff.8'),(30000008,'Rebecka','Johnes','Rebecka.Johnes@lms.com','Vice President',20000001,'Rebecka.Johnes','Staff.9'),(30000009,'Rene','Danaher','Rene.Danaher@lms.com','President',20000001,'Rene.Danaher','Staff.10'),(30000010,'Tamma','Tribell','Tamma.Tribell@lms.com','Associate',20000002,'Tamma.Tribell','Staff.11'),(30000011,'Pedro','Palke','Pedro.Palke@lms.com','Analyst',20000002,'Pedro.Palke','Staff.12'),(30000012,'Blanch','Veschambre','Blanch.Veschambre@lms.com','Manager',20000002,'Blanch.Veschambre','Staff.13'),(30000013,'Culley','Soppett','Culley.Soppett@lms.com','Vice President',20000002,'Culley.Soppett','Staff.14'),(30000014,'Bronson','Langfield','Bronson.Langfield@lms.com','President',20000002,'Bronson.Langfield','Staff.15'),(30000015,'Annissa','Bourke','Annissa.Bourke@lms.com','Associate',20000000,'Annissa.Bourke','Staff.16'),(30000016,'Reinwald','Begley','Reinwald.Begley@lms.com','Associate',20000001,'Reinwald.Begley','Staff.17'),(30000017,'Joey','Fryatt','Joey.Fryatt@lms.com','Analyst',20000000,'Joey.Fryatt','Staff.18'),(30000018,'Ancell','Gruczka','Ancell.Gruczka@lms.com','Analyst',20000001,'Ancell.Gruczka','Staff.19'),(30000019,'Genia','Chugg','Genia.Chugg@lms.com','Analyst',20000002,'Genia.Chugg','Staff.20'),(30000020,'Ferrell','Van Hesteren','Ferrell.Van Hesteren@lms.com','Analyst',20000002,'Ferrell.Van Hesteren','Staff.21'),(30000021,'Che','Zoanetti','Che.Zoanetti@lms.com','Manager',20000000,'Che.Zoanetti','Staff.22'),(30000022,'Giffard','Barber','Giffard.Barber@lms.com','Manager',20000002,'Giffard.Barber','Staff.23'),(30000023,'Shurlocke','Dodle','Shurlocke.Dodle@lms.com','Manager',20000001,'Shurlocke.Dodle','Staff.24'),(30000024,'Velvet','Matias','Velvet.Matias@lms.com','Manager',20000000,'Velvet.Matias','Staff.25');
/*!40000 ALTER TABLE `staff` ENABLE KEYS */;
UNLOCK TABLES;

--
-- Table structure for table `transaction_type`
--

DROP TABLE IF EXISTS `transaction_type`;
/*!40101 SET @saved_cs_client     = @@character_set_client */;
/*!40101 SET character_set_client = utf8 */;
CREATE TABLE `transaction_type` (
  `transaction_type_id` int(8) NOT NULL,
  `name` varchar(256) DEFAULT NULL,
  PRIMARY KEY (`transaction_type_id`),
  UNIQUE KEY `transaction_type_id_UNIQUE` (`transaction_type_id`)
) ENGINE=InnoDB DEFAULT CHARSET=latin1;
/*!40101 SET character_set_client = @saved_cs_client */;

--
-- Dumping data for table `transaction_type`
--

LOCK TABLES `transaction_type` WRITE;
/*!40000 ALTER TABLE `transaction_type` DISABLE KEYS */;
INSERT INTO `transaction_type` VALUES (70000000,'Principal'),(70000001,'Interest'),(70000002,'Late Payment');
/*!40000 ALTER TABLE `transaction_type` ENABLE KEYS */;
UNLOCK TABLES;
/*!40103 SET TIME_ZONE=@OLD_TIME_ZONE */;

/*!40101 SET SQL_MODE=@OLD_SQL_MODE */;
/*!40014 SET FOREIGN_KEY_CHECKS=@OLD_FOREIGN_KEY_CHECKS */;
/*!40014 SET UNIQUE_CHECKS=@OLD_UNIQUE_CHECKS */;
/*!40101 SET CHARACTER_SET_CLIENT=@OLD_CHARACTER_SET_CLIENT */;
/*!40101 SET CHARACTER_SET_RESULTS=@OLD_CHARACTER_SET_RESULTS */;
/*!40101 SET COLLATION_CONNECTION=@OLD_COLLATION_CONNECTION */;
/*!40111 SET SQL_NOTES=@OLD_SQL_NOTES */;

-- Dump completed on 2019-11-01 23:37:07
